representative_strain	derived_haplotype	hamming_distance_nearest_library_strain	nearest_library_strain	Koel_epitope_distance	Wolf_epitope_distance	representative_strain_ha_sequence	count	mean_ha1_mutations	mean_epitope_mutations	mean_rbs_mutations	mean_glycosylation_count	mean_recurrent_mutations	latest_sequence	n_countries	n_regions	representative_strain_accession	days_since_latest_sequence	median_ga	frequency	relative_fitness	score_mutations	score_fitness	score_countries	score_total	JohnHuddleston_selections	JesseBloom_selections	valid_sequence	selected_haplotype	mean_recurrent_mutations_corrected	score_mutations_corrected	score_total_corrected	John_Huddleston_selection	Sam_Turner_selection	Jesse_Bloom_addition	Caroline_addition	Caroline_Kikawa_addition
A/Aberystwyth/5654/2025	K	1	A/Norway/8765/2025	0	0	MKAIIALSNILCLVFAQNIPGNDNSTATLCLGHHAVPNGTIVKTITNDRIEVTNATELVQNSSIGKICNSPHQILDGGNCTLIDALLGDPQCDGFQNKEWDLFVERSRANSSCYPYDVPDYASLRSLVASSGTLEFKDESFNWTGVKQNGKSSACKRGSNSSFFSRLNWLTSLDNKYPAQNVTMPNKERFDKLYIWGVHHPDTDRNQFSLFAQSSGRITVSTKRSQQAVIPNIGSRPRVRDIPSRISIYWTIVKPGDILLINSTGNLIAPRGYFKIRSGKSSIMRSDAPIGECKSECITPNGSIPNDKPFQNVNRITYGACPRYVKQSTLKLATGMRNVPEKQARGIFGAIAGFIENGWEGMVDGWYGFRHQNSEGRGQAADLKSTQAAIDQINGKLNRLIGKTNEKFHQIEKEFSEVEGRVQDLEKYVEDTKIDLWSYNAELLVALENQHTIDLTDSEMNKLFEKTKKQLRENAEDMGNGCFKIYHRCDNACIGSIRNETYDHNVYRDEALNNRFQIKGVELKSGYKDWILWISFAMSCFLLCIALLGFIMWACQKGNIRCNICI	1172.0	15.988054607508532	11.995733788395905	1.9991467576791808	10.993174061433448	0.0	2025-11-10	32.0	9.0	EPI_ISL_20247989	16.0	1.12	0.8190076869322153	0.0235422780478575	0.5347590929390165	0.131000678927084	0.5818181818181818	1.2475779536842824	False	True	True	True								
A/Bahrain/4684/2025	K:K278E	1	A/Norway/8765/2025	0	1	MKAIIALSNILCLVFAQNIPGNDNSTATLCLGHHAVPNGTIVKTITNDRIEVTNATELVQNSSIGKICNSPHQILDGGNCTLIDALLGDPQCDGFQNKEWDLFVERSRANSSCYPYDVPDYASLRSLVASSGTLEFKDESFNWTGVKQNGKSSACKRGSNSSFFSRLNWLTSLDNKYPAQNVTMPNKERFDKLYIWGVHHPDTDRNQFSLFAQSSGRITVSTKRSQQAVIPNIGSRPRVRDIPSRISIYWTIVKPGDILLINSTGNLIAPRGYFKIRSGKSSIMRSDAPIGECESECITPNGSIPNDKPFQNVNRITYGACPRYVKQSTLKLATGMRNVPEKQARGIFGAIAGFIENGWEGMVDGWYGFRHQNSEGRGQAADLKSTQAAIDQINGKLNRLIGKTNEKFHQIEKEFSEVEGRVQDLEKYVEDTKIDLWSYNAELLVALENQHTIDLTDSEMNKLFEKTKKQLRENAEDMGNGCFKIYHKCDNACIGSIRNETYDHNVYRDEALNNRFQIKGVELKSGYKDWILWISFAMSCFLLCIALLGFIMWACQKGNIRCNICI	6.0	17.0	13.0	2.0	11.0	0.0	2025-11-05	4.0	3.0	EPI_ISL_20233640	21.0	0.0		0.0	0.550561797752809	0.0	0.0727272727272727	0.6232890704800818	True	False	True	True								
A/Delaware/81/2025	K:V102M	1	A/Norway/8765/2025	0	1	MKAIIALSNILCLVFAQNIPGNDNSTATLCLGHHAVPNGTIVKTITNDRIEVTNATELVQNSSIGKICNSPHQILDGGNCTLIDALLGDPQCDGFQNKEWDLFVERSRANSSCYPYDMPDYASLRSLVASSGTLEFKDESFNWTGVKQNGKSSACKRGSNSSFFSRLNWLTSLDNKYPAQNVTMPNKERFDKLYIWGVHHPDTDRNQFSLFAQSSGRITVSTKRSQQAVIPNIGSRPRVRDIPSRISIYWTIVKPGDILLINSTGNLIAPRGYFKIRSGKSSIMRSDAPIGECKSECITPNGSIPNDKPFQNVNRITYGACPRYVKQSTLKLATGMRNVPEKQARGIFGAIAGFIENGWEGMVDGWYGFRHQNSEGRGQAADLKSTQAAIDQINGKLNRLIGKTNEKFHQIEKEFSEVEGRVQDLEKYVEDTKIDLWSYNAELLVALENQHTIDLTDSEMNKLFEKTKKQLRENAEDMGNGCFKIYHKCDNACIGSIRNETYDHNVYRDEALNNRFQIKGVELKSGYKDWILWISFAMSCFLLCIALLGFIMWACQKGNIRCNICI	4.0	17.0	13.0	2.0	11.0	0.0	2025-11-06	1.0	1.0	EPI_ISL_20238537	20.0	0.0		0.0	0.550561797752809	0.0	0.0181818181818181	0.5687436159346272	False	True	True	True								
A/Norway/8765/2025	J.2.4.1	1	A/Aberystwyth/5654/2025	0	0	MKAIIALSNILCLVFAQNIPGNDNSTATLCLGHHAVPNGTIVKTITNDRIEVTNATELVQNSSIGKICNSPHQILDGGNCTLIDALLGDPQCDGFQNKEWDLFVERSRANSSCYPYDVPDYASLRSLVASSGTLEFKDESFNWTGVKQNGKSSACKRGSNSSFFSRLNWLTSLDNKYPAQNVTMPNKERFDKLYIWGVHHPDTDRNQFSLFAQSSGRITVSTKRSQQAVIPNIGSRPRVRDIPSRISIYWTIVKPGDILLINSTGNLIAPRGYFKIRSGKSSIMRSDAPIGECKSECITPNGSIPNDKPFQNVNRITYGACPRYVKQSTLKLATGMRNVPEKQARGIFGAIAGFIENGWEGMVDGWYGFRHQNSEGRGQAADLKSTQAAIDQINGKLNRLIGKTNEKFHQIEKEFSEVEGRVQDLEKYVEDTKIDLWSYNAELLVALENQHTIDLTDSEMNKLFEKTKKQLRENAEDMGNGCFKIYHKCDNACIGSIRNETYDHNVYRDEALNNRFQIKGVELKSGYKDWILWISFAMSCFLLCIALLGFIMWACQKGNIRCNICI	202.0	15.97029703	11.98019802	1.995049505	10.98019802	0.0	2025-10-06	14.0	7.0		14.0	1.12	0.26	0.12	0.57	0.9		1.47			True	True	2.99009901	0.58	1.49	1.0	1.0	0.0	0.0	0.0
A/Bangkok/P2390/2025	J.2.4.1:A272T	1	A/Norway/8765/2025	0	0	MKAIIALSNILCLVFAQNIPGNDNSTATLCLGHHAVPNGTIVKTITNDRIEVTNATELVQNSSIGKICNSPHQILDGGNCTLIDALLGDPQCDGFQNKEWDLFVERSRANSSCYPYDVPDYASLRSLVASSGTLEFKDESFNWTGVKQNGKSSACKRGSNSSFFSRLNWLTSLDNKYPAQNVTMPNKERFDKLYIWGVHHPDTDRNQFSLFAQSSGRITVSTKRSQQAVIPNIGSRPRVRDIPSRISIYWTIVKPGDILLINSTGNLIAPRGYFKIRSGKSSIMRSDTPIGECKSECITPNGSIPNDKPFQNVNRITYGACPRYVKQSTLKLATGMRNVPEKQARGIFGAIAGFIENGWEGMVDGWYGFRHQNSEGRGQAADLKSTQAAIDQINGKLNRLIGKTNEKFHQIEKEFSEVEGRVQDLEKYVEDTKIDLWSYNAELLVALENQHTIDLTDSEMNKLFEKTKKQLRENAEDMGNGCFKIYHKCDNACIGSIRNETYDHNVYRDEALNNRFQIKGVELKSGYKDWILWISFAMSCFLLCIALLGFIMWACQKGNIRCNICI	19.0	17.0	12.0	2.0	11.0	0.0	2025-09-17	6.0	4.0		33.0	1.03	0.02	0.03	0.57	0.2		0.77			True	True	3.0	0.59	0.79	1.0	1.0	0.0	0.0	0.0
A/NewSouthWales/2526015582/2025	J.2.4.1:V88I	1	A/Norway/8765/2025	0	1	MKAIIALSNILCLVFAQNIPGNDNSTATLCLGHHAVPNGTIVKTITNDRIEVTNATELVQNSSIGKICNSPHQILDGGNCTLIDALLGDPQCDGFQNKEWDLFIERSRANSSCYPYDVPDYASLRSLVASSGTLEFKDESFNWTGVKQNGKSSACKRGSNSSFFSRLNWLTSLDNKYPAQNVTMPNKERFDKLYIWGVHHPDTDRNQFSLFAQSSGRITVSTKRSQQAVIPNIGSRPRVRDIPSRISIYWTIVKPGDILLINSTGNLIAPRGYFKIRSGKSSIMRSDAPIGECKSECITPNGSIPNDKPFQNVNRITYGACPRYVKQSTLKLATGMRNVPEKQARGIFGAIAGFIENGWEGMVDGWYGFRHQNSEGRGQAADLKSTQAAIDQINGKLNRLIGKTNEKFHQIEKEFSEVEGRVQDLEKYVEDTKIDLWSYNAELLVALENQHTIDLTDSEMNKLFEKTKKQLRENAEDMGNGCFKIYHKCDNACIGSIRNETYDHNVYRDEALNNRFQIKGVELKSGYKDWILWISFAMSCFLLCIALLGFIMWACQKGNIRCNICI	5.0	17.0	13.0	2.0	11.0	0.0	2025-09-30	1.0	1.0		20.0	1.03	0.01	0.03	0.58	0.26		0.84			True	True	3.0	0.6	0.86	1.0	1.0	0.0	0.0	0.0
A/SouthAustralia/2527003588/2025	J.2.4.1:K207Q,V223I	1	A/SouthAustralia/2527902708/2025	0	1	MKAIIALSNILCLVFAQNIPGNDNSTATLCLGHHAVPNGTIVKTITNDRIEVTNATELVQNSSIGKICNSPHQILDGGNCTLIDALLGDPQCDGFQNKEWDLFVERSRANSSCYPYDVPDYASLRSLVASSGTLEFKDESFNWTGVKQNGKSSACKRGSNSSFFSRLNWLTSLDNKYPAQNVTMPNKERFDKLYIWGVHHPDTDRNQFSLFAQSSGRITVSTQRSQQAVIPNIGSRPRIRDIPSRISIYWTIVKPGDILLINSTGNLIAPRGYFKIRSGKSSIMRSDAPIGECKSECITPNGSIPNDKPFQNVNRITYGACPRYVKQSTLKLATGMRNVPEKQARGIFGAIAGFIENGWEGMVDGWYGFRHQNSEGRGQAADLKSTQAAIDQINGKLNRLIGKTNEKFHQIEKEFSEVEGRVQDLEKYVEDTKIDLWSYNAELLVALENQHTIDLTDSEMNKLFEKTKKQLRENAEDMGNGCFKIYHKCDNACIGSIRNETYDHNVYRDEALNNRFQIKGVELKSGYKDWILWISFAMSCFLLCIALLGFIMWACQKGNIRCNICI	7.0	16.0	13.0	2.0	11.0	0.0	2025-10-02	1.0	1.0		18.0	1.02	0.01	0.02	0.58	0.15		0.73			True	True	4.0	0.6	0.76	1.0	1.0	0.0	0.0	0.0
A/Queensland/2526516675/2025	J.2.4.1:V88I,I214T	1	A/NewSouthWales/2526015582/2025	0	1	MKAIIALSNILCLVFAQNIPGNDNSTATLCLGHHAVPNGTIVKTITNDRIEVTNATELVQNSSIGKICNSPHQILDGGNCTLIDALLGDPQCDGFQNKEWDLFIERSRANSSCYPYDVPDYASLRSLVASSGTLEFKDESFNWTGVKQNGKSSACKRGSNSSFFSRLNWLTSLDNKYPAQNVTMPNKERFDKLYIWGVHHPDTDRNQFSLFAQSSGRITVSTKRSQQAVTPNIGSRPRVRDIPSRISIYWTIVKPGDILLINSTGNLIAPRGYFKIRSGKSSIMRSDAPIGECKSECITPNGSIPNDKPFQNVNRITYGACPRYVKQSTLKLATGMRNVPEKQARGIFGAIAGFIENGWEGMVDGWYGFRHQNSEGRGQAADLKSTQAAIDQINGKLNRLIGKTNEKFHQIEKEFSEVEGRVQDLEKYVEDTKIDLWSYNAELLVALENQHTIDLTDSEMNKLFEKTKKQLRENAEDMGNGCFKIYHKCDNACIGSIRNETYDHNVYRDEALNNRFQIKGVELKSGYKDWILWISFAMSCFLLCIALLGFIMWACQKGNIRCNICI	1.0	18.0	14.0	2.0	11.0	0.0	2025-09-22	1.0	1.0		28.0	0.0		0.0	0.6	0.0		0.6			True	True	3.0	0.61	0.61	1.0	1.0	0.0	0.0	0.0
A/Malaysia/IMR/SARI/2517/2025	J.2.4.1:F79V	1	A/Norway/8765/2025	0	0	MKAIIALSNILCLVFAQNIPGNDNSTATLCLGHHAVPNGTIVKTITNDRIEVTNATELVQNSSIGKICNSPHQILDGGNCTLIDALLGDPQCDGVQNKEWDLFVERSRANSSCYPYDVPDYASLRSLVASSGTLEFKDESFNWTGVKQNGKSSACKRGSNSSFFSRLNWLTSLDNKYPAQNVTMPNKERFDKLYIWGVHHPDTDRNQFSLFAQSSGRITVSTKRSQQAVIPNIGSRPRVRDIPSRISIYWTIVKPGDILLINSTGNLIAPRGYFKIRSGKSSIMRSDAPIGECKSECITPNGSIPNDKPFQNVNRITYGACPRYVKQSTLKLATGMRNVPEKQARGIFGAIAGFIENGWEGMVDGWYGFRHQNSEGRGQAADLKSTQAAIDQINGKLNRLIGKTNEKFHQIEKEFSEVEGRVQDLEKYVEDTKIDLWSYNAELLVALENQHTIDLTDSEMNKLFEKTKKQLRENAEDMGNGCFKIYHKCDNACIGSIRNETYDHNVYRDEALNNRFQIKGVELKSGYKDWILWISFAMSCFLLCIALLGFIMWACQKGNIRCNICI	1.0	17.0	12.0	2.0	11.0	0.0	2025-09-30	1.0	1.0		20.0	0.0		0.0	0.57	0.0		0.57			True	True	4.0	0.6	0.6		1.0	0.0	0.0	0.0
A/SouthAustralia/2527902708/2025	J.2.4.1:S96C,K207Q,V223I	1	A/SouthAustralia/2527003588/2025	0	1	MKAIIALSNILCLVFAQNIPGNDNSTATLCLGHHAVPNGTIVKTITNDRIEVTNATELVQNSSIGKICNSPHQILDGGNCTLIDALLGDPQCDGFQNKEWDLFVERSRANSCCYPYDVPDYASLRSLVASSGTLEFKDESFNWTGVKQNGKSSACKRGSNSSFFSRLNWLTSLDNKYPAQNVTMPNKERFDKLYIWGVHHPDTDRNQFSLFAQSSGRITVSTQRSQQAVIPNIGSRPRIRDIPSRISIYWTIVKPGDILLINSTGNLIAPRGYFKIRSGKSSIMRSDAPIGECKSECITPNGSIPNDKPFQNVNRITYGACPRYVKQSTLKLATGMRNVPEKQARGIFGAIAGFIENGWEGMVDGWYGFRHQNSEGRGQAADLKSTQAAIDQINGKLNRLIGKTNEKFHQIEKEFSEVEGRVQDLEKYVEDTKIDLWSYNAELLVALENQHTIDLTDSEMNKLFEKTKKQLRENAEDMGNGCFKIYHKCDNACIGSIRNETYDHNVYRDEALNNRFQIKGVELKSGYKDWILWISFAMSCFLLCIALLGFIMWACQKGNIRCNICI	1.0	16.0	13.0	2.0	10.0	0.0	2025-10-06	1.0	1.0		14.0	0.0		0.0	0.58	0.0		0.58			True	True	4.0	0.6	0.6		1.0	0.0	0.0	0.0
A/Bangkok/P2572/2025	J.2.4.1:A272T,S279T	1	A/Bangkok/P2390/2025	0	1	MKAIIALSNILCLVFAQNIPGNDNSTATLCLGHHAVPNGTIVKTITNDRIEVTNATELVQNSSIGKICNSPHQILDGGNCTLIDALLGDPQCDGFQNKEWDLFVERSRANSSCYPYDVPDYASLRSLVASSGTLEFKDESFNWTGVKQNGKSSACKRGSNSSFFSRLNWLTSLDNKYPAQNVTMPNKERFDKLYIWGVHHPDTDRNQFSLFAQSSGRITVSTKRSQQAVIPNIGSRPRVRDIPSRISIYWTIVKPGDILLINSTGNLIAPRGYFKIRSGKSSIMRSDTPIGECKTECITPNGSIPNDKPFQNVNRITYGACPRYVKQSTLKLATGMRNVPEKQARGIFGAIAGFIENGWEGMVDGWYGFRHQNSEGRGQAADLKSTQAAIDQINGKLNRLIGKTNEKFHQIEKEFSEVEGRVQDLEKYVEDTKIDLWSYNAELLVALENQHTIDLTDSEMNKLFEKTKKQLRENAEDMGNGCFKIYHKCDNACIGSIRNETYDHNVYRDEALNNRFQIKGVELKSGYKDWILWISFAMSCFLLCIALLGFIMWACQKGNIRCNICI	1.0	18.0	13.0	2.0	11.0	0.0	2025-08-14	1.0	1.0		67.0	0.0		0.0	0.59	0.0		0.59			True	True	3.0	0.6	0.6		1.0	0.0	0.0	0.0
A/DistritoFederal/250106000728/2025	J.2.3:S145N	1	A/Arica/59150/2025	1	1	MKAIIALSNILCLVFAQKIPGNDNSTATLCLGHHAVPNGTIVKTITNDRIEVTNATELVQNSSIGKICNSPHQILDGGNCTLIDALLGDPQCDGFQNKEWDLFVERSRANSSCYPYDVPDYASLRSLVASSGTLEFKDESFNWTGVKQNGTSSACKRGSSNSFFSRLNWLTSLKNIYPAQNVTMPNKEQFDKLYIWGVHHPDTDRNQFSLFAQSSGRITVSTKRSQQAVIPNIGSRPRVRDIPSRISIYWTIVKPGDILLINSTGNLIAPRGYFKIRSGKSSIMRSDAPIGECKSECITPNGSIPNDKPFQNVNRITYGACPRYVKQSTLKLATGMRNVPEKQTRGIFGAIAGFIENGWEGMVDGWYGFRHQNSEGRGQAADLKSTQAAIDQINGKLNRLIGKTNEKFHQIEKEFSEVEGRVQDLEKYVEDTKIDLWSYNAELLVALENQHTIDLTDSEMNKLFEKTKKQLRENAEDMGNGCFKIYHKCDNACIGSIRNETYDHNVYRDEALNNRFQIKGVELKSGYKDWILWISFAMSCFLLCIALLGFIMWACQKGNIRCNICI	10.0	11.0	10.0	3.0	11.0	3.0	2025-09-12	1.0	1.0		38.0	1.01	0.01	0.01	0.57	0.06		0.62			True	True	3.0	0.55	0.61	1.0	1.0	0.0	0.0	0.0
A/NewSouthWales/2526015584/2025	J.2.4.1:F174S	1	A/Norway/8765/2025	0	1	MKAIIALSNILCLVFAQNIPGNDNSTATLCLGHHAVPNGTIVKTITNDRIEVTNATELVQNSSIGKICNSPHQILDGGNCTLIDALLGDPQCDGFQNKEWDLFVERSRANSSCYPYDVPDYASLRSLVASSGTLEFKDESFNWTGVKQNGKSSACKRGSNSSFFSRLNWLTSLDNKYPAQNVTMPNKERSDKLYIWGVHHPDTDRNQFSLFAQSSGRITVSTKRSQQAVIPNIGSRPRVRDIPSRISIYWTIVKPGDILLINSTGNLIAPRGYFKIRSGKSSIMRSDAPIGECKSECITPNGSIPNDKPFQNVNRITYGACPRYVKQSTLKLATGMRNVPEKQARGIFGAIAGFIENGWEGMVDGWYGFRHQNSEGRGQAADLKSTQAAIDQINGKLNRLIGKTNEKFHQIEKEFSEVEGRVQDLEKYVEDTKIDLWSYNAELLVALENQHTIDLTDSEMNKLFEKTKKQLRENAEDMGNGCFKIYHKCDNACIGSIRNETYDHNVYRDEALNNRFQIKGVELKSGYKDWILWISFAMSCFLLCIALLGFIMWACQKGNIRCNICI	1.0	17.0	13.0	2.0	11.0	0.0	2025-09-17	1.0	1.0		33.0	0.0		0.0	0.58	0.0		0.58			True	True	3.0	0.6	0.6		1.0	0.0	0.0	0.0
A/Norway/8976/2025	J.2.4.1:I67M	1	A/Norway/8765/2025	0	1	MKAIIALSNILCLVFAQNIPGNDNSTATLCLGHHAVPNGTIVKTITNDRIEVTNATELVQNSSIGKICNSPHQILDGGNCTLMDALLGDPQCDGFQNKEWDLFVERSRANSSCYPYDVPDYASLRSLVASSGTLEFKDESFNWTGVKQNGKSSACKRGSNSSFFSRLNWLTSLDNKYPAQNVTMPNKERFDKLYIWGVHHPDTDRNQFSLFAQSSGRITVSTKRSQQAVIPNIGSRPRVRDIPSRISIYWTIVKPGDILLINSTGNLIAPRGYFKIRSGKSSIMRSDAPIGECKSECITPNGSIPNDKPFQNVNRITYGACPRYVKQSTLKLATGMRNVPEKQARGIFGAIAGFIENGWEGMVDGWYGFRHQNSEGRGQAADLKSTQAAIDQINGKLNRLIGKTNEKFHQIEKEFSEVEGRVQDLEKYVEDTKIDLWSYNAELLVALENQHTIDLTDSEMNKLFEKTKKQLRENAEDMGNGCFKIYHKCDNACIGSIRNETYDHNVYRDEALNNRFQIKGVELKSGYKDWILWISFAMSCFLLCIALLGFIMWACQKGNIRCNICI	1.0	17.0	13.0	2.0	11.0	0.0	2025-08-22	1.0	1.0		59.0	0.0		0.0	0.58	0.0		0.58			True	True	3.0	0.6	0.6		1.0	0.0	0.0	0.0
A/Tasmania/2521815682/2025	J.2.4.1:N2R,F79V,R173Q	1	A/Bangkok/P2323/2025	0	0	MKAIIALSNILCLVFAQRIPGNDNSTATLCLGHHAVPNGTIVKTITNDRIEVTNATELVQNSSIGKICNSPHQILDGGNCTLIDALLGDPQCDGVQNKEWDLFVERSRANSSCYPYDVPDYASLRSLVASSGTLEFKDESFNWTGVKQNGKSSACKRGSNSSFFSRLNWLTSLDNKYPAQNVTMPNKEQFDKLYIWGVHHPDTDRNQFSLFAQSSGRITVSTKRSQQAVIPNIGSRPRVRDIPSRISIYWTIVKPGDILLINSTGNLIAPRGYFKIRSGKSSIMRSDAPIGECKSECITPNGSIPNDKPFQNVNRITYGACPRYVKQSTLKLATGMRNVPEKQARGIFGAIAGFIENGWEGMVDGWYGFRHQNSEGRGQAADLKSTQAAIDQISGKLNRLIGKTNEKFHQIEKEFSEVEGRVQDLEKYVEDTKIDLWSYNAELLVALENQHTIDLTDSEMNKLFEKTKKQLRENAEDMGNGCFKIYHKCDNACIGSIRNETYDHNVYRDEALNNRFQIKGVELKSGYKDWILWISFAMSCFLLCIALLGFIMWACQKGNIRCNICI	1.0	16.0	11.0	2.0	11.0	0.0	2025-08-06	1.0	1.0		75.0	0.0		0.0	0.56	0.0		0.56			True	True	4.0	0.58	0.58		1.0	0.0	0.0	0.0
A/SouthAustralia/2524408801/2025	J.2.4.1:P55S	1	A/Norway/8765/2025	0	0	MKAIIALSNILCLVFAQNIPGNDNSTATLCLGHHAVPNGTIVKTITNDRIEVTNATELVQNSSIGKICNSSHQILDGGNCTLIDALLGDPQCDGFQNKEWDLFVERSRANSSCYPYDVPDYASLRSLVASSGTLEFKDESFNWTGVKQNGKSSACKRGSNSSFFSRLNWLTSLDNKYPAQNVTMPNKERFDKLYIWGVHHPDTDRNQFSLFAQSSGRITVSTKRSQQAVIPNIGSRPRVRDIPSRISIYWTIVKPGDILLINSTGNLIAPRGYFKIRSGKSSIMRSDAPIGECKSECITPNGSIPNDKPFQNVNRITYGACPRYVKQSTLKLATGMRNVPEKQARGIFGAIAGFIENGWEGMVDGWYGFRHQNSEGRGQAADLKSTQAAIDQINGKLNRLIGKTNEKFHQIEKEFSEVEGRVQDLEKYVEDTKIDLWSYNAELLVALENQHTIDLTDSEMNKLFEKTKKQLRENAEDMGNGCFKIYHKCDNACIGSIRNETYDHNVYRDEALNNRFQIKGVELKSGYKDWILWISFAMSCFLLCIALLGFIMWACQKGNIRCNICI	4.0	17.0	12.0	2.0	12.0	0.0	2025-09-24	1.0	1.0		26.0	0.0		0.0	0.57	0.0		0.57			True	True	3.0	0.59	0.59	1.0	1.0	0.0	0.0	0.0
A/Alaska/63/2025	J.2.4	1	A/Bhutan/7/2025	0	1	MKAIIALSNILCLVFAQKIPGNDNSTATLCLGHHAVPNGTIVKTITNDRIEVTNATELVQNSSIGKICNSPHQILDGGNCTLIDALLGDPQCDGFQNKEWDLFVERSRANSSCYPYDVPDYASLRSLVASSGTLEFKDESFNWTGVKQNGKSSACKRGSSSSFFSRLNWLTSLNNIYPAQNVTMPNKEQFDKLYIWGVHHPDTDRNQFSLFAQSSGRITVSTKRSQQAVIPNIGSRPRVRDIPSRISIYWTIVKPGDILLINSTGNLIAPRGYFKIRSGKSSIMRSDAPIGECKSECITPNGSIPNDKPFQNVNRITYGACPRYVKQSTLKLATGMRNVPEKQTRGIFGAIAGFIENGWEGMVDGWYGFRHQNSEGRGQAADLKSTQAAIDQISGKLNRLIGKTNEKFHQIEKEFSEVEGRVQDLEKYVEDTKIDLWSYNAELLVALENQHTIDLTDSEMNKLFEKTKKQLRENAEDMGNGCFKIYHKCDNACIGSIRNETYDHNVYRDEALNNRFQIKGVELKSGYKDWILWISFAMSCFLLCIALLGFIMWACQKGNIRCNICI	96.0	8.864583333	7.864583333	0.8541666667	8.822916667	0.0	2025-10-02	15.0	7.0		18.0	1.0	0.12	0.0	0.44	0.01		0.45			True	True	1.71875	0.45	0.46	1.0	1.0	0.0	0.0	0.0
A/Bangkok/P3263/2025	J.2.4.1:S96G,A272T	1	A/Bangkok/P2390/2025	0	1	MKAIIALSNILCLVFAQNIPGNDNSTATLCLGHHAVPNGTIVKTITNDRIEVTNATELVQNSSIGKICNSPHQILDGGNCTLIDALLGDPQCDGFQNKEWDLFVERSRANSGCYPYDVPDYASLRSLVASSGTLEFKDESFNWTGVKQNGKSSACKRGSNSSFFSRLNWLTSLDNKYPAQNVTMPNKERFDKLYIWGVHHPDTDRNQFSLFAQSSGRITVSTKRSQQAVIPNIGSRPRVRDIPSRISIYWTIVKPGDILLINSTGNLIAPRGYFKIRSGKSSIMRSDTPIGECKSECITPNGSIPNDKPFQNVNRITYGACPRYVKQSTLKLATGMRNVPEKQARGIFGAIAGFIENGWEGMVDGWYGFRHQNSEGRGQAADLKSTQAAIDQINGKLNRLIGKTNEKFHQIEKEFSEVEGRVQDLEKYVEDTKIDLWSYNAELLVALENQHTIDLTDSEMNKLFEKTKKQLRENAEDMGNGCFKIYHKCDNACIGSIRNETYDHNVYRDEALNNRFQIKGVELKSGYKDWILWISFAMSCFLLCIALLGFIMWACQKGNIRCNICI	3.0	17.0	12.0	2.0	10.0	0.0	2025-09-17	1.0	1.0		33.0	0.0		0.0	0.57	0.0		0.57			True	True	3.0	0.59	0.59	1.0	1.0	0.0	0.0	0.0
A/California/61/2025	J.2.4.1:V204I	1	A/Norway/8765/2025	0	0	MKAIIALSNILCLVFAQNIPGNDNSTATLCLGHHAVPNGTIVKTITNDRIEVTNATELVQNSSIGKICNSPHQILDGGNCTLIDALLGDPQCDGFQNKEWDLFVERSRANSSCYPYDVPDYASLRSLVASSGTLEFKDESFNWTGVKQNGKSSACKRGSNSSFFSRLNWLTSLDNKYPAQNVTMPNKERFDKLYIWGVHHPDTDRNQFSLFAQSSGRITISTKRSQQAVIPNIGSRPRVRDIPSRISIYWTIVKPGDILLINSTGNLIAPRGYFKIRSGKSSIMRSDAPIGECKSECITPNGSIPNDKPFQNVNRITYGACPRYVKQSTLKLATGMRNVPEKQARGIFGAIAGFIENGWEGMVDGWYGFRHQNSEGRGQAADLKSTQAAIDQINGKLNRLIGKTNEKFHQIEKEFSEVEGRVQDLEKYVEDTKIDLWSYNAELLVALENQHTIDLTDSEMNKLFEKTKKQLRENAEDMGNGCFKIYHKCDNACIGSIRNETYDHNVYRDEALNNRFQIKGVELKSGYKDWILWISFAMSCFLLCIALLGFIMWACQKGNIRCNICI	2.0	17.0	12.0	2.0	11.0	0.0	2025-08-03	1.0	1.0		78.0	0.0		0.0	0.57	0.0		0.57			True	True	3.0	0.59	0.59		1.0	0.0	0.0	0.0
A/Vermont/73/2025	J.2.4.1:N2K,F79V,R173Q,I242M	1	A/Bangkok/P2323/2025	0	1	MKAIIALSNILCLVFAQKIPGNDNSTATLCLGHHAVPNGTIVKTITNDRIEVTNATELVQNSSIGKICNSPHQILDGGNCTLIDALLGDPQCDGVQNKEWDLFVERSRANSSCYPYDVPDYASLRSLVASSGTLEFKDESFNWTGVKQNGKSSACKRGSNSSFFSRLNWLTSLDNKYPAQNVTMPNKEQFDKLYIWGVHHPDTDRNQFSLFAQSSGRITVSTKRSQQAVIPNIGSRPRVRDIPSRISIYWTIVKPGDMLLINSTGNLIAPRGYFKIRSGKSSIMRSDAPIGECKSECITPNGSIPNDKPFQNVNRITYGACPRYVKQSTLKLATGMRNVPEKQARGIFGAIAGFIENGWEGMVDGWYGFRHQNSEGRGQAADLKSTQAAIDQISGKLNRLIGKTNEKFHQIEKEFSEVEGRVQDLEKYVEDTKIDLWSYNAELLVALENQHTIDLTDSEMNKLFEKTKKQLRENAEDMGNGCFKIYHKCDNACIGSIRNETYDHNVYRDEALNNRFQIKGVELKSGYKDWILWISFAMSCFLLCIALLGFIMWACQKGNIRCNICI	1.0	16.0	12.0	2.0	11.0	0.0	2025-08-26	1.0	1.0		55.0	0.0		0.0	0.57	0.0		0.57			True	True	4.0	0.59	0.59		1.0	0.0	0.0	0.0
A/Bhutan/7/2025	J.2.4:I242M	1	A/Alaska/63/2025	0	1	MKAIIALSNILCLVFAQKIPGNDNSTATLCLGHHAVPNGTIVKTITNDRIEVTNATELVQNSSIGKICNSPHQILDGGNCTLIDALLGDPQCDGFQNKEWDLFVERSRANSSCYPYDVPDYASLRSLVASSGTLEFKDESFNWTGVKQNGKSSACKRGSSSSFFSRLNWLTSLNNIYPAQNVTMPNKEQFDKLYIWGVHHPDTDRNQFSLFAQSSGRITVSTKRSQQAVIPNIGSRPRVRDIPSRISIYWTIVKPGDMLLINSTGNLIAPRGYFKIRSGKSSIMRSDAPIGECKSECITPNGSIPNDKPFQNVNRITYGACPRYVKQSTLKLATGMRNVPEKQTRGIFGAIAGFIENGWEGMVDGWYGFRHQNSEGRGQAADLKSTQAAIDQISGKLNRLIGKTNEKFHQIEKEFSEVEGRVQDLEKYVEDTKIDLWSYNAELLVALENQHTIDLTDSEMNKLFEKTKKQLRENAEDMGNGCFKIYHKCDNACIGSIRNETYDHNVYRDEALNNRFQIKGVELKSGYKDWILWISFAMSCFLLCIALLGFIMWACQKGNIRCNICI	4.0	11.0	10.0	1.0	10.0	0.0	2025-09-12	3.0	3.0		38.0	0.0		0.0	0.49	0.0		0.49			True	True	2.0	0.51	0.51	1.0		0.0	0.0	0.0
A/Anapolis/LEIAL6543/2025	J.2:N158K,K189R	1	A/Arica/59150/2025	0	0	MKAIIALSNILCLVFAQKIPGNDNSTATLCLGHHAVPNGTIVKTITNDRIEVTNATELVQNSSIGKICNSPHQILDGGNCTLIDALLGDPQCDGFQNKEWDLFVERSRANSSCYPYDVPDYASLRSLVASSGTLEFKDESFNWTGVKQNGTSSACKRGSSSSFFSRLNWLTSLKNIYPAQNVTMPNKEQFDKLYIWGVHHPDTDRNQFSLFAQSSGRITVSTKRSQQAVIPNIGSRPRVRDIPSRISIYWTIVKPGDILLINSTGNLIAPRGYFKIRSGKSSIMRSDAPIGECKSECITPNGSIPNDKPFQNVNRITYGACPRYVKQSTLKLATGMRNVPEKQTRGIFGAIAGFIENGWEGMVDGWYGFRHQNSEGRGQAADLKSTQAAIDQISGKLNRLIGKTNEKFHQIEKEFSEVEGRVQDLEKYVEDTKIDLWSYNAELLVALENQHTIDLTDSEMNKLFEKTKKQLRENAEDMGNGCFKIYHKCDNACIGSIRNETYDHNVYRDEALNNRFQIKGVELKSGYKDWILWISFAMSCFLLCIALLGFIMWACQKGNIRCNICI	4.0	10.0	9.0	2.0	11.0	2.0	2025-08-11	1.0	1.0		70.0	0.0		0.0	0.52	0.0		0.52			True	True	2.0	0.51	0.51	1.0		0.0	0.0	0.0
A/Galicia/GA-CHUAC-451/2025	J.2:N8D,V223I	1	A/Peru/GIHSN-04-1089/2025	0	1	MKAIIALSNILCLVFAQKIPGNDDSTATLCLGHHAVPNGTIVKTITNDRIEVTNATELVQNSSIGKICNSPHQILDGGNCTLIDALLGDPQCDGFQNKEWDLFVERSRANSSCYPYDVPDYASLRSLVASSGTLEFKDESFNWTGVKQNGTSSACKRGSSSSFFSRLNWLTSLNNIYPAQNVTMPNKEQFDKLYIWGVHHPDTDKNQFSLFAQSSGRITVSTKRSQQAVIPNIGSRPRIRDIPSRISIYWTIVKPGDILLINSTGNLIAPRGYFKIRSGKSSIMRSDAPIGECKSECITPNGSIPNDKPFQNVNRITYGACPRYVKQSTLKLATGMRNVPEKQTRGIFGAIAGFIENGWEGMMDGWYGFRHQNSEGRGQAADLKSTQAAIDQISGKLNRLIGKTNEKFHQIEKEFSEVEGRVQDLEKYVEDTKIDLWSYNAELLVALENQHTIDLTDSEMNKLFEKTKKQLRENAEDMGNGCFKIYHKCDNACIGSIRNETYDHNVYRDEALNNRFQIKGVELKSGYKDWILWISFAMSCFLLCIALLGFIMWACQKGNIRCNICI	10.0	8.0	7.0	0.0	10.0	0.0	2025-09-25	3.0	3.0		25.0	1.02	0.01	0.02	0.39	0.15		0.54			True	True	0.0	0.37	0.53	1.0	1.0	0.0	0.0	0.0
A/Guangdong-Maonan/11438/2025	J.2.2:T65K,A304T	1	A/England/174/2025	0	1	MKAIIALSNILCLVFAQKIPGNDNSTATLCLGHHAVPNGTIVKTITNDRIEVTNATELVQNSSIGKICNSPHQILDGGNCKLIDALLGDPQCDGFQNKEWDLFVERSRANSSCYPYDVPDYASLRSLVASSGTLEFKDENFNWTGVKQNGTSSACKRGSSSSFFSRLNWLTSLNNIYPAQNVTMPNKEQFDKLYIWGVHHPDTDKNQFSLFAQSSGRITVSTKRSQQAVIPNIGSRPRVRDIPSRISIYWTIVKPGDILLINSTGNLIAPRGYFKIRSGKSSIMRSDAPIGECKSECITPNGSIPNDKPFQNVNRITYGTCPRYVKQSTLKLATGMRNVPEKQTRGIFGAIAGFIENGWEGMMDGWYGFRHQNSEGRGQAADLKSTQAAIDQISGKLNRLIGKTNEKFHQIEKEFSEVEGRVQDLEKYVEDTKIDLWSYNAELLVALENQHTIDLTDSEMNKLFEKTKKQLRENAEDMGNGCFKIYHKCDNACIGSIRNETYDHNVYRDEALNNRFQIKGVELKSGYKDWILWISFAMSCFLLCIALLGFIMWACQKGNIRCNICI	3.0	11.0	9.0	0.0	9.666666667	1.0	2025-08-27	1.0	1.0		54.0	0.0		0.0	0.47	0.0		0.47			True	True	1.0	0.46	0.46			1.0	0.0	0.0
A/Bangkok/P2391/2025	J.2.4:K135N	1	A/England/1837737/2025	0	0	MKAIIALSNILCLVFAQKIPGNDNSTATLCLGHHAVPNGTIVKTITNDRIEVTNATELVQNSSIGKICNSPHQILDGGNCTLIDALLGDPQCDGFQNKEWDLFVERSRANSSCYPYDVPDYASLRSLVASSGTLEFKDESFNWTGVKQNGNSSACKRGSSSSFFSRLNWLTSLNNIYPAQNVTMPNKEQFDKLYIWGVHHPDTDRNQFSLFAQSSGRITVSTKRSQQAVIPNIGSRPRVRDIPSRISIYWTIVKPGDILLINSTGNLIAPRGYFKIRSGKSSIMRSDAPIGECKSECITPNGSIPNDKPFQNVNRITYGACPRYVKQSTLKLATGMRNVPEKQTRGIFGAIAGFIENGWEGMMDGWYGFRHQNSEGRGQAADLKSTQAAIDQISGKLNRLIGKTNEKFHQIEKEFSEVEGRVQDLEKYVEDTKIDLWSYNAELLVALENQHTIDLTDSEMNKLFEKTKKQLRENAEDMGNGCFKIYHKCDNACIGSIRNETYDHNVYRDEALNNRFQIKGVELKSGYKDWILWISFAMSCFLLCIALLGFIMWACQKGNIRCNICI	8.0	10.0	9.0	1.0	10.75	0.0	2025-09-09	6.0	4.0		41.0	0.99	0.01	-0.01	0.47	-0.08		0.39			True	True	1.0	0.47	0.4		1.0	0.0	0.0	0.0
A/Malaysia/IMR/SARI/2406/2025	J.2.4.1:K135E	1	A/Norway/8765/2025	0	1	MKAIIALSNILCLVFAQNIPGNDNSTATLCLGHHAVPNGTIVKTITNDRIEVTNATELVQNSSIGKICNSPHQILDGGNCTLIDALLGDPQCDGFQNKEWDLFVERSRANSSCYPYDVPDYASLRSLVASSGTLEFKDESFNWTGVKQNGESSACKRGSNSSFFSRLNWLTSLDNKYPAQNVTMPNKERFDKLYIWGVHHPDTDRNQFSLFAQSSGRITVSTKRSQQAVIPNIGSRPRVRDIPSRISIYWTIVKPGDILLINSTGNLIAPRGYFKIRSGKSSIMRSDAPIGECKSECITPNGSIPNDKPFQNVNRITYGACPRYVKQSTLKLATGMRNVPEKQARGIFGAIAGFIENGWEGMVDGWYGFRHQNSEGRGQAADLKSTQAAIDQINGKLNRLIGKTNEKFHQIEKEFSEVEGRVQDLEKYVEDTKIDLWSYNAELLVALENQHTIDLTDSEMNKLFEKTKKQLRENAEDMGNGCFKIYHKCDNACIGSIRNETYDHNVYRDEALNNRFQIKGVELKSGYKDWILWISFAMSCFLLCIALLGFIMWACQKGNIRCNICI	1.0	16.0	12.0	2.0	11.0	0.0	2025-09-20				30.0	0.0		0.0	0.5679012346	0.0		0.5679012346				True					1.0			
A/England/174/2025	J.2.2:T65K	1	A/Guangdong-Maonan/11438/2025	0	1	MKAIIALSNILCLVFAQKIPGNDNSTATLCLGHHAVPNGTIVKTITNDRIEVTNATELVQNSSIGKICNSPHQILDGGNCKLIDALLGDPQCDGFQNKEWDLFVERSRANSSCYPYDVPDYASLRSLVASSGTLEFKDENFNWTGVKQNGTSSACKRGSSSSFFSRLNWLTSLNNIYPAQNVTMPNKEQFDKLYIWGVHHPDTDKNQFSLFAQSSGRITVSTKRSQQAVIPNIGSRPRVRDIPSRISIYWTIVKPGDILLINSTGNLIAPRGYFKIRSGKSSIMRSDAPIGECKSECITPNGSIPNDKPFQNVNRITYGACPRYVKQSTLKLATGMRNVPEKQTRGIFGAIAGFIENGWEGMMDGWYGFRHQNSEGRGQAADLKSTQAAIDQISGKLNRLIGKTNEKFHQIEKEFSEVEGRVQDLEKYVEDTKIDLWSYNAELLVALENQHTIDLTDSEMNKLFEKTKKQLRENAEDMGNGCFKIYHKCDNACIGSIRNETYDHNVYRDEALNNRFQIKGVELKSGYKDWILWISFAMSCFLLCIALLGFIMWACQKGNIRCNICI	83.0	10.0	8.0	0.0	9.963855422	1.0	2025-09-18	17.0	9.0		32.0	0.88	0.11	-0.13	0.44	-0.96		-0.52			True	True	1.0	0.43	-0.53			0.0	1.0	1.0
A/Arica/59150/2025	J.2.3	1	A/DistritoFederal/250106000728/2025	1	1	MKAIIALSNILCLVFAQKIPGNDNSTATLCLGHHAVPNGTIVKTITNDRIEVTNATELVQNSSIGKICNSPHQILDGGNCTLIDALLGDPQCDGFQNKEWDLFVERSRANSSCYPYDVPDYASLRSLVASSGTLEFKDESFNWTGVKQNGTSSACKRGSSSSFFSRLNWLTSLKNIYPAQNVTMPNKEQFDKLYIWGVHHPDTDRNQFSLFAQSSGRITVSTKRSQQAVIPNIGSRPRVRDIPSRISIYWTIVKPGDILLINSTGNLIAPRGYFKIRSGKSSIMRSDAPIGECKSECITPNGSIPNDKPFQNVNRITYGACPRYVKQSTLKLATGMRNVPEKQTRGIFGAIAGFIENGWEGMVDGWYGFRHQNSEGRGQAADLKSTQAAIDQINGKLNRLIGKTNEKFHQIEKEFSEVEGRVQDLEKYVEDTKIDLWSYNAELLVALENQHTIDLTDSEMNKLFEKTKKQLRENAEDMGNGCFKIYHKCDNACIGSIRNETYDHNVYRDEALNNRFQIKGVELKSGYKDWILWISFAMSCFLLCIALLGFIMWACQKGNIRCNICI	57.0	10.0	9.0	2.0	11.0	2.0	2025-09-13	7.0	3.0		37.0	0.97	0.07	-0.03	0.52	-0.2		0.32			True	True	2.0	0.51	0.31		1.0	0.0	0.0	0.0
A/Indonesia/BIOKES-I-BT074/2025	J.2.2:T65K,T135K	1	A/England/174/2025	0	1	MKAIIALSNILCLVFAQKIPGNDNSTATLCLGHHAVPNGTIVKTITNDRIEVTNATELVQNSSIGKICNSPHQILDGGNCKLIDALLGDPQCDGFQNKEWDLFVERSRANSSCYPYDVPDYASLRSLVASSGTLEFKDENFNWTGVKQNGKSSACKRGSSSSFFSRLNWLTSLNNIYPAQNVTMPNKEQFDKLYIWGVHHPDTDKNQFSLFAQSSGRITVSTKRSQQAVIPNIGSRPRVRDIPSRISIYWTIVKPGDILLINSTGNLIAPRGYFKIRSGKSSIMRSDAPIGECKSECITPNGSIPNDKPFQNVNRITYGACPRYVKQSTLKLATGMRNVPEKQTRGIFGAIAGFIENGWEGMMDGWYGFRHQNSEGRGQAADLKSTQAAIDQISGKLNRLIGKTNEKFHQIEKEFSEVEGRVQDLEKYVEDTKIDLWSYNAELLVALENQHTIDLTDSEMNKLFEKTKKQLRENAEDMGNGCFKIYHKCDNACIGSIRNETYDHNVYRDEALNNRFQIKGVELKSGYKDWILWISFAMSCFLLCIALLGFIMWACQKGNIRCNICI	17.0	11.0	9.0	0.0	9.0	2.0	2025-10-05	2.0	2.0		15.0	0.96	0.02	-0.04	0.49	-0.33		0.16			True	True	2.0	0.47	0.14		1.0	0.0	0.0	0.0
A/Peru/GIHSN-04-1089/2025	J.2:N8D,G78S,V223I	1	A/Galicia/GA-CHUAC-451/2025	0	1	MKAIIALSNILCLVFAQKIPGNDDSTATLCLGHHAVPNGTIVKTITNDRIEVTNATELVQNSSIGKICNSPHQILDGGNCTLIDALLGDPQCDSFQNKEWDLFVERSRANSSCYPYDVPDYASLRSLVASSGTLEFKDESFNWTGVKQNGTSSACKRGSSSSFFSRLNWLTSLNNIYPAQNVTMPNKEQFDKLYIWGVHHPDTDKNQFSLFAQSSGRITVSTKRSQQAVIPNIGSRPRIRDIPSRISIYWTIVKPGDILLINSTGNLIAPRGYFKIRSGKSSIMRSDAPIGECKSECITPNGSIPNDKPFQNVNRITYGACPRYVKQSTLKLATGMRNVPEKQTRGIFGAIAGFIENGWEGMMDGWYGFRHQNSEGRGQAADLKSTQAAIDQISGKLNRLIGKTNEKFHQIEKEFSEVEGRVQDLEKYVEDTKIDLWSYNAELLVALENQHTIDLTDSEMNKLFEKTKKQLRENAEDMGNGCFKIYHKCDNACIGSIRNETYDHNVYRDEALNNRFQIKGVELKSGYKDWILWISFAMSCFLLCIALLGFIMWACQKGNIRCNICI	3.0	9.0	8.0	0.0	10.0	0.0	2025-09-02	1.0	1.0		48.0	0.0		0.0	0.42	0.0		0.42			True	True	0.0	0.4	0.4	1.0		0.0	0.0	0.0
A/Bangkok/P2323/2025	J.2.4.1:N2K,F79V,R173Q	1	A/Tasmania/2521815682/2025	0	0	MKAIIALSNILCLVFAQKIPGNDNSTATLCLGHHAVPNGTIVKTITNDRIEVTNATELVQNSSIGKICNSPHQILDGGNCTLIDALLGDPQCDGVQNKEWDLFVERSRANSSCYPYDVPDYASLRSLVASSGTLEFKDESFNWTGVKQNGKSSACKRGSNSSFFSRLNWLTSLDNKYPAQNVTMPNKEQFDKLYIWGVHHPDTDRNQFSLFAQSSGRITVSTKRSQQAVIPNIGSRPRVRDIPSRISIYWTIVKPGDILLINSTGNLIAPRGYFKIRSGKSSIMRSDAPIGECKSECITPNGSIPNDKPFQNVNRITYGACPRYVKQSTLKLATGMRNVPEKQARGIFGAIAGFIENGWEGMVDGWYGFRHQNSEGRGQAADLKSTQAAIDQISGKLNRLIGKTNEKFHQIEKEFSEVEGRVQDLEKYVEDTKIDLWSYNAELLVALENQHTIDLTDSEMNKLFEKTKKQLRENAEDMGNGCFKIYHKCDNACIGSIRNETYDHNVYRDEALNNRFQIKGVELKSGYKDWILWISFAMSCFLLCIALLGFIMWACQKGNIRCNICI	7.0	15.0	11.0	2.0	11.0	0.0	2025-09-19	6.0	4.0		31.0	0.99	0.01	-0.01	0.55	-0.08		0.47			True	True	4.0	0.58	0.5		1.0	0.0	0.0	0.0
A/Minnesota/96/2025	J.2.2:T65K,S145N	1	A/England/174/2025	1	1	MKAIIALSNILCLVFAQKIPGNDNSTATLCLGHHAVPNGTIVKTITNDRIEVTNATELVQNSSIGKICNSPHQILDGGNCKLIDALLGDPQCDGFQNKEWDLFVERSRANSSCYPYDVPDYASLRSLVASSGTLEFKDENFNWTGVKQNGTSSACKRGSSNSFFSRLNWLTSLNNIYPAQNVTMPNKEQFDKLYIWGVHHPDTDKNQFSLFAQSSGRITVSTKRSQQAVIPNIGSRPRVRDIPSRISIYWTIVKPGDILLINSTGNLIAPRGYFKIRSGKSSIMRSDAPIGECKSECITPNGSIPNDKPFQNVNRITYGACPRYVKQSTLKLATGMRNVPEKQTRGIFGAIAGFIENGWEGMMDGWYGFRHQNSEGRGQAADLKSTQAAIDQISGKLNRLIGKTNEKFHQIEKEFSEVEGRVQDLEKYVEDTKIDLWSYNAELLVALENQHTIDLTDSEMNKLFEKTKKQLRENAEDMGNGCFKIYHKCDNACIGSIRNETYDHNVYRDEALNNRFQIKGVELKSGYKDWILWISFAMSCFLLCIALLGFIMWACQKGNIRCNICI	3.0	11.0	9.0	1.0	10.0	2.0	2025-09-17	3.0	3.0		33.0	0.0		0.0	0.51	0.0		0.51			True	True	2.0	0.49	0.49	1.0		0.0	0.0	0.0
A/England/1837737/2025	J.2.4:K135N,S199P	1	A/Bangkok/P2391/2025	0	0	MKAIIALSNILCLVFAQKIPGNDNSTATLCLGHHAVPNGTIVKTITNDRIEVTNATELVQNSSIGKICNSPHQILDGGNCTLIDALLGDPQCDGFQNKEWDLFVERSRANSSCYPYDVPDYASLRSLVASSGTLEFKDESFNWTGVKQNGNSSACKRGSSSSFFSRLNWLTSLNNIYPAQNVTMPNKEQFDKLYIWGVHHPDTDRNQFSLFAQSPGRITVSTKRSQQAVIPNIGSRPRVRDIPSRISIYWTIVKPGDILLINSTGNLIAPRGYFKIRSGKSSIMRSDAPIGECKSECITPNGSIPNDKPFQNVNRITYGACPRYVKQSTLKLATGMRNVPEKQTRGIFGAIAGFIENGWEGMMDGWYGFRHQNSEGRGQAADLKSTQAAIDQISGKLNRLIGKTNEKFHQIEKEFSEVEGRVQDLEKYVEDTKIDLWSYNAELLVALENQHTIDLTDSEMNKLFEKTKKQLRENAEDMGNGCFKIYHKCDNACIGSIRNETYDHNVYRDEALNNRFQIKGVELKSGYKDWILWISFAMSCFLLCIALLGFIMWACQKGNIRCNICI	3.0	11.0	9.0	1.0	11.0	0.0	2025-09-24	1.0	1.0		26.0	0.0		0.0	0.48	0.0		0.48			True	True	1.0	0.48	0.48	1.0	1.0	0.0	0.0	0.0
A/England/1845724/2025	K:S145N	2	A/Norway/8765/2025	1	1	MKAIIALSNILCLVFAQNIPGNDNSTATLCLGHHAVPNGTIVKTITNDRIEVTNATELVQNSSIGKICNSPHQILDGGNCTLIDALLGDPQCDGFQNKEWDLFVERSRANSSCYPYDVPDYASLRSLVASSGTLEFKDESFNWTGVKQNGKSSACKRGSNNSFFSRLNWLTSLDNKYPAQNVTMPNKERFDKLYIWGVHHPDTDRNQFSLFAQSSGRITVSTKRSQQAVIPNIGSRPRVRDIPSRISIYWTIVKPGDILLINSTGNLIAPRGYFKIRSGKSSIMRSDAPIGECKSECITPNGSIPNDKPFQNVNRITYGACPRYVKQSTLKLATGMRNVPEKQARGIFGAIAGFIENGWEGMVDGWYGFRHQNSEGRGQAADLKSTQAAIDQINGKLNRLIGKTNEKFHQIEKEFSEVEGRVQDLEKYVEDTKIDLWSYNAELLVALENQHTIDLTDSEMNKLFEKTKKQLRENAEDMGNGCFKIYHKCDNACIGSIRNETYDHNVYRDEALNNRFQIKGVKLKSGYKDWILWISFAMSCFLLCIALLGFIMWACQKGNIRCNICI	4.0	17.0	13.0	3.0	11.0	0.0	2025-10-25	4.0	3.0	EPI_ISL_20226417	32.0	0.0		0.0	0.5652173913043478	0.0	0.0727272727272727	0.6379446640316205	True	False	True	True								
A/Bhutan/1267/2025	J.2.4:S144N	2	A/Alaska/63/2025	0	1	MKAIIALGNILCLVFAQKIPGNDNSTATLCLGHHAVPNGTIVKTITNDRIEVTNATELVQNSSIGKICNSPHQILDGGNCTLIDALLGDPQCDGFQNKEWDLFVERSRANSSCYPYDVPDYASLRSLVASSGTLEFKDESFNWTGVKQNGKSSACKRGSNSSFFSRLNWLTSLNNIYPAQNVTMPNKEQFDKLYIWGVHHPDTDRNQFSLFAQSSGRITVSTKRSQQAVIPNIGSRPRVRDIPSRISIYWTIVKPGDILLINSTGNLIAPRGYFKIRSGKSSIMRSDAPIGECKSECITPNGSIPNDKPFQNVNRITYGACPRYVKQSTLKLATGMRNVPEKQTRGIFGAIAGFIENGWEGMVDGWYGFRHQNSEGRGQAADLKSTQAAIDQISGKLNRLIGKTNEKFHQIEKEFSEVEGRVQDLEKYVEDTKIDLWSYNAELLVALENQHTIDLTDSEMNKLFEKTKKQLRENAEDMGNGCFKIYHKCDNACIGSIRNETYDHNVYRDEALNNRFQIKGVELKSGYKDWILWISFAMSCFLLCIALLGFIMWACQKGNIRCNICI	8.0	11.0	10.0	1.0	11.0	0.0	2025-09-11	4.0	3.0		39.0	1.03	0.01	0.03	0.49	0.21		0.71			True	True	2.0	0.51	0.72	1.0	1.0	0.0	0.0	0.0
A/Ghana/FS-25-7077/2025	J.2.4.1:R261L	2	A/Norway/8765/2025	0	1	MKAIIALSNILCLVFAQNIPGNDNSTATLCLGHHAVPNGTIVKTITNDRIEVTNATELVQNSSIGKICNSPHQILDGGNCTLIDALLGDPQCDGFQNKEWDLFVERSRANSSCYPYDVPDYASLRSLVASSGTLEFKDESFNWTGVKQNGKSSACKRGSNSSFFSRLNWLTSLDNKYPAQNVTMPNKERFDKLYIWGVHHPDTDRNQFSLFAQSSGRITVSTKRSQQAVIPNIGSRPRVRDIPSRISIYWTIVKPGDILLINSTGNLIAPRGYFKILSGKSSIMRSDAPIGECKSECITPNGSIPNDKPFQNVNRITYGACPRYVKQSTLKLATGMRNVPEKQARGIFGAIAGFIENGWEGMVDGWYGFRHQNSEGRGQAADLKSTQTAIDQINGKLNRLIGKTNEKFHQIEKEFSEVEGRVQDLEKYVEDTKIDLWSYNAELLVALENQHTIDLTDSEMNKLFEKTKKQLRENAEDMGNGCFKIYHKCDNACIGSIRNETYDHNVYRDEALNNRFQIKGVELKSGYKDWILWISFAMSCFLLCIALLGFIMWACQKGNIRCNICI	2.0	17.0	13.0	2.0	11.0	0.0	2025-09-18	1.0	1.0		32.0	0.0		0.0	0.58	0.0		0.58			True	True	3.0	0.6	0.6		1.0	0.0	0.0	0.0
A/Belgium/H0097/2025	J.2.4.1:R189K	2	A/Norway/8765/2025	1	1	MKAIIALSNILCLVFAQKIPGNDNSTATLCLGHHAVPNGTIVKTITNDRIEVTNATELVQNSSIGKICNSPHQILDGGNCTLIDALLGDPQCDGFQNKEWDLFVERSRANSSCYPYDVPDYASLRSLVASSGTLEFKDESFNWTGVKQNGKSSACKRGSNSSFFSRLNWLTSLDNKYPAQNVTMPNKERFDKLYIWGVHHPDTDKNQFSLFAQSSGRITVSTKRSQQAVIPNIGSRPRVRDIPSRISIYWTIVKPGDILLINSTGNLIAPRGYFKIRSGKSSIMRSDAPIGECKSECITPNGSIPNDKPFQNVNRITYGACPRYVKQSTLKLATGMRNVPEKQARGIFGAIAGFIENGWEGMVDGWYGFRHQNSEGRGQAADLKSTQAAIDQINGKLNRLIGKTNEKFHQIEKEFSEVEGRVQDLEKYVEDTKIDLWSYNAELLVALENQHTIDLTDSEMNKLFEKTKKQLRENAEDMGNGCFKIYHKCDNACIGSIRNETYDHNVYRDEALNNRFQIKGVELKSGYKDWILWISFAMSCFLLCIALLGFIMWACQKGNIRCNICI	1.0	14.0	11.0	1.0	11.0	0.0	2025-08-19				62.0	0.0		0.0	0.527027027	0.0		0.527027027				True					1.0			
A/HongKong/1382/2025	J.2.4.1:A272T,S145N,R299K	2	A/Bangkok/P2390/2025	1	2	MKAIIALSNILCLVFAQNIPGNDNSTATLCLGHHAVPNGTIVKTITNDRIEVTNATELVQNSSIGKICNSPHQILDGGNCTLIDALLGDPQCDGFQNKEWDLFVERSRANSSCYPYDVPDYASLRSLVASSGTLEFKDESFNWTGVKQNGKSSACKRGSNNSFFSRLNWLTSLDNKYPAQNVTMPNKERFDKLYIWGVHHPDTDRNQFSLFAQSSGRITVSTKRSQQAVIPNIGSRPRVRDIPSRISIYWTIVKPGDILLINSTGNLIAPRGYFKIRSGKSSIMRSDTPIGECKSECITPNGSIPNDKPFQNVNKITYGACPRYVKQSTLKLATGMRNVPEKQARGIFGAIAGFIENGWEGMVDGWYGFRHQNSEGRGQAADLKSTQAAIDQINGKLNRLIGKTNEKFHQIEKEFSEVEGRVQDLEKYVEDTKIDLWSYNAELLVALENQHTIDLTDSEMNKLFEKTKKQLRENAEDMGNGCFKIYHKCDNACIGSIRNETYDHNVYRDEALNNRFQIKGVELKSGYKDWILWISFAMSCFLLCIALLGFIMWACQKGNIRCNICI	1.0						2025-09-11														True	True				1.0		0.0	0.0	0.0
A/SouthAustralia/2527213276/2025	J.2.4.1:Q80K	2	A/Norway/8765/2025	0	1	MKAIIALSNILCLVFAQNIPGNDNSTATLCLGHHAVPNGTIVKTITNDRIEVTNATELVQNSSIGKICNSPHQILDGGNCTLIDALLGDPQCDGFKNKEWDLFVERSRANSSCYPYDVPDYASLRSLVASSGTLEFKDESFNWTGVKQNGKSSACKRGSNSSFFSRLNWLTSLDNKYPAQNVTMPNKERFDKLYIWGVHHPDTDRNQFSLFAQSSGRITVSTKRSQQAVIPNIGSRPRVRDIPSRISIYWTIVKPGDILLINSTGNLIAPRGYFKIRSGKSSIMRSDAPIGECKSECITPNGSIPNDKPFQNVNRITYGACPRYVKQSTLKLATGMRNVPEKQARGIFGAIAGFIENGWEGMVDGWYGFRHQNSEGRGQAADLKSTQAAIDQINGKLNRLIGKTNEKFHQIEKEFSEVEGRIQDLEKYVEDTKIDLWSYNAELLVALENQHTIDLTDSEMNKLFEKTKKQLRENAEDMGNGCFKIYHKCDNACIGSIRNETYDHNVYRDEALNNRFQIKGVELKSGYKDWILWISFAMSCFLLCIALLGFIMWACQKGNIRCNICI	1.0	17.0	13.0	2.0	11.0	0.0	2025-09-29	1.0	1.0		21.0	0.0		0.0	0.58	0.0		0.58			True	True	3.0	0.6	0.6		1.0	0.0	0.0	0.0
A/Indonesia/BIOKES-INAD491/2025	J.2.2:T65K,S144G	2	A/England/174/2025	0	1	MKAIIALSNILCLVFAQKIPGNDNSTATLCLGHHAVPNGTIVKTITNDRIEVTNATELVQNSSIGKICNSPHQILDGGNCKLIDALLGDPQCDGFQNKEWDLFVERSRANSSCYPYDVPDYASLRSLVASSGTLEFKDENFNWTGVKQNGTSSACKRGSGSSFFSRLNWLTSLNNIYPAQNVTMPNKEQFDKLYIWGVHHPDTDKNQFSLFAQSSGRITVSTKRSQQAVIPNIGSRPRVRDIPSRISIYWTIVKPGDILLINSTGNLIAPRGYFKIRSGKSSIMRSDAPIGECKSECITPNGSIPNDKPFQNVNRITYGACPRYVKQSTLKLATGMRNVPEKQTRGIFGAIAGFIENGWEGMMDGWYGFRHQNSEGRGQAADLKSTQAAIDQISGKLNRLIGKTNEKFHQIEKEFAEVEGRVQDLEKYVEDTKIDLWSYNAELLVALENQHTIDLTDSEMNKLFEKTKKQLRENAEDMGNGCFKIYHKCDNACIGSIRNETYDHNVYRDEALNNRFQIKGVELKSGYKDWILWISFAMSCFLLCIALLGFIMWACQKGNIRCNICI	2.0	11.0	9.0	0.0	10.0	1.0	2025-07-06	2.0	1.0		106.0	0.0		0.0	0.47	0.0		0.47			True	True	1.0	0.46	0.46		1.0	0.0	0.0	0.0
A/Malaysia/IMR/SARI/2028/2025	J.2.2:G49S,T65K,E276D	2	A/England/174/2025	0	1	MKAIIALSNILCLVFAQKIPGNDNSTATLCLGHHAVPNGTIVKTITNDRIEVTNATELVQNSSISKICNSPHQILDGGNCKLIDALLGDPQCDGFQNKEWDLFVERSRANSSCYPYDVPDYASLRSLVASSGTLEFKDENFNWTGVKQNGTSSACKRGSSSSFFSRLNWLTSLNNIYPAQNVTMPNKEQFDKLYIWGVHHPDTDKNQFSLFAQSSGRITVSTKRSQQAVIPNIGSRPRVRDIPSRISIYWTIVKPGDILLINSTGNLIAPRGYFKIRSGKSSIMRSDAPIGDCKSECITPNGSIPNDKPFQNVNRITYGACPRYVKQSTLKLATGMRNVPEKQTRGIFGAIAGFIENGWEGMMDGWYGFRHQNSEGRGQAADLKSTQAAIDQISGKLNRLIGKTNEKFHQIEKEFSEVEGRVQDLEKYVEDTKIDLWSYNAELLVALENQHTIDLTDSEMNKLFEKTKKQLRENAEDMGNGCFKIYHKCDNACIGSIRNETYDHNVYRDEALNNRFQIKGVELKSGYKDWILWISFAMSCFLLCIALLGFIMWACQKGNIRCNICI	3.0	11.0	8.0	0.0	10.0	1.0	2025-09-17	2.0	2.0		33.0	0.0		0.0	0.45	0.0		0.45			True	True	1.0	0.44	0.44	1.0		0.0	0.0	0.0
A/Bangkok/P2921/2025	J.2:N8D,S9G,S96I,V223I	2	A/Galicia/GA-CHUAC-451/2025	0	1	MKAIIALSNILCLVFAQKIPGNDDGTATLCLGHHAVPNGTIVKTITNDRIEVTNATELVQNSSIGKICNSPHQILDGGNCTLIDALLGDPQCDGFQNKEWDLFVERSRANSICYPYDVPDYASLRSLVASSGTLEFKDESFNWTGVKQNGTSSACKRGSSSSFFSRLNWLTSLNNIYPAQNVTMPNKEQFDKLYIWGVHHPDTDKNQFSLFAQSSGRITVSTKRSQQAVIPNIGSRPRIRDIPSRISIYWTIVKPGDILLINSTGNLIAPRGYFKIRSGKSSIMRSDAPIGECKSECITPNGSIPNDKPFQNVNRITYGACPRYVKQSTLKLATGMRNVPEKQTRGIFGAIAGFIENGWEGMMDGWYGFRHQNSEGRGQAADLKSTQAAIDQISGKLNRLIGKTNEKFHQIEKEFSEVEGRVQDLEKYVEDTKIDLWSYNAELLVALENQHTIDLTDSEMNKLFEKTKKQLRENAEDMGNGCFKIYHKCDNACIGSIRNETYDHNVYRDEALNNRFQIKGVELKSGYKDWILWISFAMSCFLLCIALLGFIMWACQKGNIRCNICI	25.0	9.0	7.0	0.0	9.0	0.0	2025-09-24	8.0	5.0		26.0	0.9	0.03	-0.1	0.4	-0.79		-0.4			True	True	0.0	0.38	-0.41		1.0	0.0	0.0	0.0
A/Bahia/3102/2025	J.2.3:G5E	2	A/Arica/59150/2025	0	0	MKAIIALSNILCLVFAQKIPENDNSTATLCLGHHAVPNGTIVKTITNDRIEVTNATELVQNSSIGKICNSPHQILDGGNCTLIDALLGDPQCDGFQNKEWDLFVERSRANSSCYPYDVPDYASLRSLVASSGTLEFKDESFNWTGVKQNGTSSACKRGSSSSFFSRLNWLTSLKNIYPAQNVTMPNKEQFDKLYIWGVHHPDTDRNQFSLFAQSSGRITVSTKRSQQAVIPNIGSRPRVRDIPSRISIYWTIVKPGDILLINSTGNLIAPRGYFKIRSGKSSIMRSDAPIGECKSECITPNGSIPNDKPFQNVNRITYGACPRYVKQSTLKLATGMRNVPEKQTRGIFGAIAGFIENGWEGMVDGWYGYRHQNSEGRGQAADLKSTQAAIDQINGKLNRLIGKTNEKFHQIEKEFSEVEGRVQDLEKYVEDTKIDLWSYNAELLVALENQHTIDLTDSEMNKLFEKTKKQLRENAEDMGNGCFKIYHKCDNACIGSIRNETYDHNVYRDEALNNRFQIKGVELKSGYKDWILWISFAMSCFLLCIALLGFIMWACQKGNIRCNICI	3.0	11.0	9.0	2.0	11.0	2.0	2025-08-25	1.0	1.0		56.0	0.0		0.0	0.53	0.0		0.53			True	True	2.0	0.51	0.51	1.0		0.0	0.0	0.0
A/SuratThani/P3371/2025	J.2.4.1:K50E,S262G,A272T	2	A/Bangkok/P2390/2025	0	2	MKAIIALSNILCLVFAQNIPGNDNSTATLCLGHHAVPNGTIVKTITNDRIEVTNATELVQNSSIGEICNSPHQILDGGNCTLIDALLGDPQCDGFQNKEWDLFVERSRANSSCYPYDVPDYASLRSLVASSGTLEFKDESFNWTGVKQNGKSSACKRGSNSSFFSRLNWLTSLDNKYPAQNVTMPNKERFDKLYIWGVHHPDTDRNQFSLFAQSSGRITVSTKRSQQAVIPNIGSRPRVRDIPSRISIYWTIVKPGDILLINSTGNLIAPRGYFKIRGGKSSIMRSDTPIGECKSECITPNGSIPNDKPFQNVNRITYGACPRYVKQSTLKLATGMRNVPEKQARGIFGAIAGFIENGWEGMVDGWYGFRHQNSEGRGQAADLKSTQAAIDQINGKLNRLIGKTNEKFHQIEKEFSEVEGRVQDLEKYVEDTKIDLWSYNAELLVALENQHTIDLTDSEMNKLFEKTKKQLRENAEDMGNGCFKIYHKCDNACIGSIRNETYDHNVYRDEALNNRFQIKGVELKSGYKDWILWISFAMSCFLLCIALLGFIMWACQKGNIRCNICI	1.0	17.0	12.0	2.0	11.0	0.0	2025-09-15	1.0	1.0		35.0	0.0		0.0	0.57	0.0		0.57			True	True	3.0	0.59	0.59		1.0	0.0	0.0	0.0
A/DistrictOfColumbia/57/2025	J.2.4.1:M168I	2	A/Norway/8765/2025	0	1	MKTIIALSNILCLVFAQNIPGNDNSTATLCLGHHAVPNGTIVKTITNDRIEVTNATELVQNSSIGKICNSPHQILDGGNCTLIDALLGDPQCDGFQNKEWDLFVERSRANSSCYPYDVPDYASLRSLVASSGTLEFKDESFNWTGVKQNGKSSACKRGSNSSFFSRLNWLTSLDNKYPAQNVTIPNKERFDKLYIWGVHHPDTDRNQFSLFAQSSGRITVSTKRSQQAVIPNIGSRPRVRDIPSRISIYWTIVKPGDILLINSTGNLIAPRGYFKIRSGKSSIMRSDAPIGECKSECITPNGSIPNDKPFQNVNRITYGACPRYVKQSTLKLATGMRNVPEKQARGIFGAIAGFIENGWEGMVDGWYGFRHQNSEGRGQAADLKSTQAAIDQINGKLNRLIGKTNEKFHQIEKEFSEVEGRVQDLEKYVEDTKIDLWSYNAELLVALENQHTIDLTDSEMNKLFEKTKKQLRENAEDMGNGCFKIYHKCDNACIGSIRNETYDHNVYRDEALNNRFQIKGVELKSGYKDWILWISFAMSCFLLCIALLGFIMWACQKGNIRCNICI	1.0	17.0	13.0	2.0	11.0	0.0	2025-08-20	1.0	1.0		61.0	0.0		0.0	0.58	0.0		0.58			True	True	3.0	0.6	0.6		1.0	0.0	0.0	0.0
A/England/1837734/2025	J.2.4.1:P239S	2	A/Norway/8765/2025	0	0	MKAIIALSNILCLVFAQNIPGNDNSTATLCLGHHAVPNGTIVKTITNDRIEVTNATELVQNSSIGKICNSPHQILDGGNCTLIDALLGDPQCDGFQNKEWDLFVERSRANSSCYPYDVPDYASLRSLVASSGTLEFKDESFNWTGVKQNGKSSACKRGSNSSFFSRLNWLTSLDNKYPAQNVTMPNKERFDKLYIWGVHHPDTDRNQFSLFAQSSGRITVSTKRSQQAVIPNIGSRPRVRDIPSRISIYWTIVKSGDILLINSTGNLIAPRGYFKIRSGKSSIMRSDAPIGECKSECITPNGSIPNDKPFQNVNRITYGACPRYVKQSTLKLATGMRNVPEKQARGIFGAIAGFIENGWEGMVDGWYGFRHQNSEGRGQAADLKSTQAAIDQINGKLNRLIGKTNEKFHQIEKEFSEVEGRVQDLEKYVEDTKIDLWSYNAELLVALENQHTIDLTDSEMNKLFEKTKKQLRENAEDMGNGCFKIYHKCDNACIGSIRNETYDHNVYRDEALNNRFQLKGVELKSGYKDWILWISFAMSCFLLCIALLGFIMWACQKGNIRCNICI	1.0	17.0	12.0	2.0	11.0	0.0	2025-09-15	1.0	1.0		35.0	0.0		0.0	0.57	0.0		0.57			True	True	4.0	0.6	0.6		1.0	0.0	0.0	0.0
A/Alagoas/4130/2025	J.2:K189R,I300V	2	A/Anapolis/LEIAL6543/2025	1	2	MKAIIALSNILCLVFAQKIPGNDNSTATLCLGHHAVPNGTIVKTITNDRIEVTNATELVQNSSIGKICNSPHQILDGGNCTLIDALLGDPQCDGFQNKEWDLFVERSRANSSCYPYDVPDYASLRSLVASSGTLEFKDESFNWTGVKQNGTSSACKRGSSSSFFSRLNWLTSLNNIYPAQNVTMPNKEQFDKLYIWGVHHPDTDRNQFSLFAQSSGRITVSTKRSQQAVIPNIGSRPRVRDIPSRISIYWTIVKPGDILLINSTGNLIAPRGYFKIRSGKSSIMRSDAPIGECKSECITPNGSIPNDKPFQNVNRVTYGACPRYVKQSTLKLATGMRNVPEKQTRGIFGAIAGFIENGWEGMVDGWYGFRHQNSEGRGQAADLKSTQAAIDQISGKLNRLIGKTNEKFHQIEKEFSEVEGRVQDLEKYVEDTKIDLWSYNAELLVALENQHTIDLTDSEMNKLFEKTKKQLRENAEDMGNGCFKIYHKCDNACIGSIRNETYDHNVYRDEALNNRFQIKGVELKSGYKDWILWISFAMSCFLLCIALLGFIMWACQKGNIRCNICI	3.0	10.0	9.0	1.0	11.0	1.0	2025-07-29	1.0	1.0		83.0	0.0		0.0	0.49	0.0		0.49			True	True	1.0	0.47	0.47	1.0		0.0	0.0	0.0
A/Guangdong-Meijiang/11256/2025	J.2.2:T65K,I214T,E276G	2	A/England/174/2025	0	2	MKAIIALSNILCLVFAQKIPGNDNSTATLCLGHHAVPNGTIVKTITNDRIEVTNATELVQNSSIGKICNSPHQILDGGNCKLIDALLGDPQCDGFQNKEWDLFVERSRANSSCYPYDVPDYASLRSLVASSGTLEFKDENFNWTGVKQNGTSSACKRGSSSSFFSRLNWLTSLNNIYPAQNVTMPNKEQFDKLYIWGVHHPDTDKNQFSLFAQSSGRITVSTKRSQQAVTPNIGSRPRVRDIPSRISIYWTIVKPGDILLINSTGNLIAPRGYFKIRSGKSSIMRSDAPIGGCKSECITPNGSIPNDKPFQNVNRITYGACPRYVKQSTLKLATGMRNVPEKQTRGIFGAIAGFIENGWEGMMDGWYGFRHQNSEGRGQAADLKSTQAAIDQISGKLNRLIGKTNEKFHQIEKEFSEVEGRVQDLEKYVEDTKIDLWSYNAELLVALENQHTIDLTDSEMNKLFEKTKKQLRENAEDMGNGCFKIYHKCDNACIGSIRNETYDHNVYRDEALNNRFQIKGVELKSGYKDWILWISFAMSCFLLCIALLGFIMWACQKGNIRCNICI	3.0	11.0	9.0	0.0	10.0	1.0	2025-08-05	1.0	1.0		76.0	0.0		0.0	0.47	0.0		0.47			True	True	1.0	0.46	0.46	1.0		0.0	0.0	0.0
A/DistritoFederal/2578578201/2025	J.2.3:N63D,Y233H,V309I	3	A/Arica/59150/2025	0	2	MKAIIALSNILCLVFAQKIPGNDNSTATLCLGHHAVPNGTIVKTITNDRIEVTNATELVQNSSIGKICNSPHQILDGGDCTLIDALLGDPQCDGFQNKEWDLFVERSRANSSCYPYDVPDYASLRSLVASSGTLEFKDESFNWTGVKQNGTSSACKRGSSSSFFSRLNWLTSLKNIYPAQNVTMPNKEQFDKLYIWGVHHPDTDRNQFSLFAQSSGRITVSTKRSQQAVIPNIGSRPRVRDIPSRISIHWTIVKPGDILLINSTGNLIAPRGYFKIRSGKSSIMRSDAPIGECKSECITPNGSIPNDKPFQNVNRITYGACPRYIKQSTLKLATGMRNVPEKQTRGIFGAIAGFIENGWEGMVDGWYGFRHQNSEGRGQAADLKSTQAAIDQINGKLNRLIGKTNEKFHQIEKEFSEVEGRVQDLEKYVEDTKIDLWSYNAELLVALENQHTIDLTDSEMNKLFEKTKKQLRENAEDMGNGCFKIYHKCDNACIGSIRNETYDHNVYRDEALNNRFQIKGVELKSGYKDWILWISFAMSCFLLCIALLGFIMWACQKGNIRCNICI	7.0	13.0	11.0	2.0	10.0	4.0	2025-09-13	1.0	1.0		37.0	1.03	0.01	0.03	0.58	0.25		0.84			True	True	4.0	0.57	0.82	1.0	1.0	0.0	0.0	0.0
A/SouthAustralia/2523812314/2025	J.2.4:G62R,N158D,I160K,T328A	4	A/Bangkok/P2323/2025	0	2	MKAIIALGNILCLVFAQKIPGNDNSTATLCLGHHAVPNGTIVKTITNDRIEVTNATELVQNSSIGKICNSPHQILDGRNCTLIDALLGDPQCDGFQNKEWDLFVERSRANSSCYPYDVPDYASLRSLVASSGTLEFKDESFNWTGVKQNGKSSACKRGSSSSFFSRLNWLTSLDNKYPAQNVTMPNKEQFDKLYIWGVHHPDTDRNQFSLFAQSSGRITVSTKRSQQAVIPNIGSRPRVRDIPSRISIYWTIVKPGDILLINSTGNLIAPRGYFKIRSGKSSIMRSDAPIGECKSECITPNGSIPNDKPFQNVNRITYGACPRYVKQSTLKLATGMRNVPEKQARGIFGAIAGFIENGWEGMVDGWYGFRHQNSEGRGQAADLKSTQAAIDQISGKLNRLIGKTNEKFHQIEKEFSEVEGRVQDLEKYVEDTKIDLWSYNAELLVALENQHTIDLTDSEMNKLFEKTKKQLRENAEDMGNGCFKIYHKCDNACIGSIRNETYDHNVYRDEALNNRFQIKGVELKSGYKDWILWISFAMSCFLLCIALLGFIMWACQKGNIRCNICI	12.0	14.0	11.0	2.0	10.0	0.0	2025-09-29	1.0	1.0		21.0	1.02	0.02	0.02	0.55	0.18		0.73			True	True	3.0	0.56	0.75	1.0	1.0	0.0	0.0	0.0
A/Darwin/1461/2025	J.2.2:G62K,S145N,P239Q	4	A/Minnesota/96/2025	0	1	MKAIIALSNILCLVFAQKIPGNDNSTATLCLGHHAVPNGTIVKTITNDRIEVTNATELVQNSSIGKICNSPHQILDGKNCTLIDALLGDPQCDGFQNKEWDLFVERSRANSSCYPYDVPDYASLRSLVASSGTLEFKDENFNWTGVKQNGTSSACKRGSSNSFFSRLNWLTSLNNIYPAQNVTMPNKEQFDKLYIWGVHHPDTDKNQFSLFAQSSGRITVSTKRSQQAVIPNIGSRPRVRDIPSRISIYWTIVKQGDILLINSTGNLIAPRGYFKIRSGKSSIMRSDAPIGECKSECITPNGSIPNDKPFQNVNRITYGACPRYVKQSTLKLATGMRNVPEKQTRGIFGAIAGFIENGWEGMMDGWYGFRHQNSEGRGQAADLKSTQAAIDQINGKLNRLIGKTNEKFHQIEKEFSEVEGRVQDLEKYVEDTKIDLWSYNAELLVALENQHTIDLTDSEMNKLFEKTKKQLRENAEDMGNGCFKIYHKCDNACIGSIRNETYDHNVYRDEALNNRFQIKGVELKSGYKDWILWISFAMSCFLLCIALLGFIMWACQKGNIRCNICI	3.0	12.0	10.0	1.0	11.0	1.0	2025-09-22	2.0	2.0		28.0	0.0		0.0	0.51	0.0		0.51			True	True	1.0	0.5	0.5	1.0		0.0	0.0	0.0
A/HongKong/1257/2025	J.2.2:N63K,T65K,S145N,K207Q,A304T	4	A/Guangdong-Maonan/11438/2025	1	3	MKAIIALSNILCLVFAQKIPGNDNSTATLCLGHHAVPNGTIVKTITNDRIEVTNATELVQNSSIGKICNSPHQILDGGKCKLIDALLGDPQCDGFQNKEWDLFVERSRANSSCYPYDVPDYASLRSLVASSGTLEFKDENFNWTGVKQNGTSSACKRGSSNSFFSRLNWLTSLNNIYPAQNVTMPNKEQFDKLYIWGVHHPDTDKNQFSLFAQSSGRITVSTQRSQQAVIPNIGSRPRVRDIPSRISIYWTIVKPGDILLINSTGNLIAPRGYFKIRSGKSSIMRSDAPIGECKSECITPNGSIPNDKPFQNVNRITYGTCPRYVKQSTLKLATGMRNVPEKQTRGIFGAIAGFIENGWEGMMDGWYGFRHQNSEGRGQAADLKSTQAAIDQISGKLNRLIGKTNEKFHQIEKEFSEVEGRVQDLEKYVEDTKIDLWSYNAELLVALENQHTIDLTDSEMNKLFEKTKKQLRENAEDMGNGCFKIYHKCDNACIGSIRNETYDHNVYRDEALNNRFQIKGIELKSGYKDWILWISFAMSCFLLCIALLGFIMWACQKGNIRCNICI	3.0	14.0	12.0	1.0	10.0	4.0	2025-08-15	1.0	1.0		66.0	0.0		0.0	0.58	0.0		0.58			True	True	4.0	0.57	0.57	1.0	1.0	0.0	0.0	0.0
A/Michigan/110/2025	J.2:S91N,S145N,R261Q	4	A/Minnesota/96/2025	0	3	MKAIIALSNILCLVFAQKIPGNDNSTATLCLGHHAVPNGTIVKTITNDRIEVTNATELVQNSSIGKICNSPHQILDGGNCTLIDALLGDPQCDGFQNKEWDLFVERNRANSSCYPYDVPDYASLRSLVASSGTLEFKDESFNWTGVKQNGTSSACKRGSSNSFFSRLNWLTSLNNIYPAQNVTMPNKEQFDKLYIWGVHHPDTDKNQFSLFAQSSGRITVSTKRSQQAVIPNIGSRPRVRDIPSRISIYWTIVKPGDILLINSTGNLIAPRGYFKIQSGKSSIMRSDAPIGECKSECITPNGSIPNDKPFQNVNRITYGACPRYVKQSTLKLATGMRNVPEKQTRGIFGAIAGFIENGWEGMMDGWYGFRHQNSEGRGQAADLKSTQAAIDQISGKLNRLIGKTNEKFHQIEKEFSEVEGRVQDLEKYVEDTKIDLWSYNAELLVALENQHTIDLTDSEMNKLFEKTKKQLRENAEDMGNGCFKIYHKCDNACIGSIRNETYDHNVYRDEALNNRFQIKGVELKSGYKDWILWISFAMSCFLLCIALLGFIMWACQKGNIRCNICI	52.0	11.0	10.0	1.0	11.0	1.0	2025-09-15	3.0	3.0		35.0	0.96	0.07	-0.04	0.51	-0.29		0.22			True	True	1.0	0.49	0.2		1.0	0.0	0.0	0.0
A/SouthAustralia/2525607496/2025	J.2:D104N,T135A,S145N,I160M,I267V	6	A/Bangkok/P2391/2025	2	3	MKAIIALSNILCLVFAQKIPGNDNSTATLCLGHHAVPNGTIVKTITNDRIEVTNATELVQNSSIGKICNSPHQILDGGNCTLIDALLGDPQCDGFQNKEWDLFVERSRANSSCYPYDVPNYASLRSLVASSGTLEFKDESFNWTGVKQNGASSACKRGSSNSFFSRLNWLTSLNNMYPAQNVTMPNKEQFDKLYIWGVHHPDTDKNQFSLFAQSSGRITVSTKRSQQAVIPNIGSRPRVRDIPSRISIYWTIVKPGDILLINSTGNLIAPRGYFKIRSGKSSVMRSDAPIGECKSECITPNGSIPNDKPFQNVNRITYGACPRYVKQSTLKLATGMRNVPEKQTRGIFGAIAGFIENGWEGMMDGWYGFRHQNSEGRGQAADLKSTQAAIDQISGKLNRLIGKTNEKFHQIEKEFSEVEGRVQDLEKYVEDTKIDLWSYNAELLVALENQHTIDLTDSEMNKLFEKTKKQLRENAEDMGNGCFKIYHKCDNACIGSIRNETYDHNVYRDEALNNRFQIKGVELKSGYKDWILWISFAMSCFLLCIALLGFIMWACQKGNIRCNICI	2.0	13.0	9.0	1.0	10.0	3.0	2025-09-27				23.0	0.0		0.0	0.5333333333	0.0		0.5333333333				True					1.0			
A/Lao/820-2750/2025	J.2:Q57R,Q80R,K82R,T135A,S145N	6	A/Alaska/63/2025	2	6	MKAIIALSNILCLVFAQKIPGNDNSTATLCLGHHAVPNGTIVKTITNDRIEVTNATELVQNSSIGKICNSPHRILDGGNCTLIDALLGDPQCDGFRNREWDLFVERSRANSSCYPYDVPDYASLRSLVASSGTLEFKDESFNWTGVKQNGASSACKRGSSNSFFSRLNWLTSLNNIYPAQNVTMPNKEQFDKLYIWGVHHPDTDKNQFSLFAQSSGRITVSTKRSQQAVIPNIGSRPRVRDIPSRISIYWTIVKPGDILLINSTGNLIAPRGYFKIRSGKSSIMRSDAPIGECKSECITPNGSIPNDKPFQNVNRITYGACPRYVKQSTLKLATGMRNVPEKQTRGIFGAIAGFIENGWEGMVDGWYGFRHQNSEGRGQAADLKSTQAAIDQISGKLNRLIGKTNEKFHQIEKEFSEVEGRVQDLEKYVEDTKIDLWSYNAELLVALENQHTIDLTDSEMNKLFEKTKKQLRENAEDMGNGCFKIYHKCDNACIGSIRNETYDHNVYRDEALNNRFQIKGVELKSGYKDWILWISFAMSCFLLCIALLGFIMWACQKGNIRCNICI	3.0	13.0	12.0	1.0	10.0	2.0	2025-08-08	1.0	1.0		73.0	0.0		0.0	0.56	0.0		0.56			True	True	2.0	0.54	0.54	1.0	1.0	0.0	0.0	0.0
A/SouthAfrica/PET37604/2025	J.2.2:P55T,T65K,N159S,S199T,I214T	6	A/England/174/2025	1	2	MKAIIALSNILCLVFAQKIPGNDNSTATLCLGHHAVPNGTIVKTITNDRIEVTNATELVQNSSIGKICNSTHQILDGGNCKLIDALLGDPQCDGFQNKEWDLFVERSRANSSCYPYDVPDYASLRSLVASSGTLEFKDENFNWTGVKQNGTSSACKRGSSSSFFSRLNWLTSLNSIYPAQNVTMPNKEQFDKLYIWGVHHPDTDKNQFSLFAQSTGRITVSTKRSQQAVTPNIGSRPRVRDIPSRISIYWTIVKPGDILLINSTGNLIAPRGYFKIRSGKSSIMRSDAPIGECKSECITPNGSIPNDKPFQNVNRITYGACPRYVKQSTLKLATGMRNVPEKQTRGIFGAIAGFIENGWEGMVDGWYGFRHQNSEGRGQAADLKSTQAAIDQISGKLNRLIEKTNEKFHQIEKEFSEVEGRVQDLEKYVEDTKIDLWSYNAELLVALENQHTIDLTDSEMNKLFEKTKKQLRENAEDMGNGCFKIYHKCDNACIGSIRNETYDHNVYRDEALNNRFQIKGVELKSGYKDWILWISFAMSCFLLCIALLGFIMWACQKGNIRCNICI	2.0	14.0	10.0	1.0	11.0	1.0	2025-07-08	1.0	1.0		104.0	0.0		0.0	0.53	0.0		0.53			True	True	1.0	0.51	0.51			1.0	0.0	0.0
A/SouthAfrica/PET37625/2025	J.2.2:T65K,T128I,N159S,I160M,I214T	7	A/England/174/2025	1	3	MKAIIALSNILCLVFAQKIPGNDNSTATLCLGHHAVPNGTIVKTITNDRIEVTNATELVQNSSIGKICNSPHQILDGGNCKLIDALLGDPQCDGFQNKEWDLFVERSRANSSCYPYDVPDYASLRSLVASSGTLEFKDENFNWIGVKQNGTSSACKRGSSSSFFSRLNWLTSLNSMYPAQNVTMPNKEQFDKLYIWGVHHPDTDKNQFSLFAQSSGRITVSTKRSQQAVTPNIGSRPRVRDIPSRISIYWTIVKPGDILLINSTGNLIAPRGYFKIRSGKSSIMRSDAPIGECKSECITPNGSIPNDKPFQNVNRITYGACPRYVKQSTLKLATGMRNVPEKQTRGIFGAIAGFIENGWEGMVDGWYGFRHQNSEGRGQAADLKSTQAAIDQISGKLDRLIGKTNGKFHQIEKEFSEVEGRVQDLEKYVEDTKIDLWSYNAELLVALENQHTIDLTDSEMNKLFEKTKKQLRENAEDMGNGCFKIYHKCDNACIGSIRNETYDHNVYRDEALNNRFQIKGVELKSGYKDWILWISFAMSCFLLCIALLGFIMWACQKGNIRCNICI	1.0	14.0	11.0	1.0	9.0	2.0	2025-07-22	1.0	1.0		90.0	0.0		0.0	0.55	0.0		0.55			True	True	2.0	0.54	0.54			1.0	0.0	0.0
A/Guangxi-Daxin/1643/2025	G.1.3.1:T10M,G78S,I140M,G275D,K276E	7	A/Peru/GIHSN-04-1089/2025	0	3	MKTIIALSNILCLVFAQKIPGNDNSMATLCLGHHAVPNGTIVKTITNDRIEVTNATELVQNSSIGKICNSPHQILDGGNCTLIDALLGDPQCDSFQNKEWDLFVERSRANSSCYPYDVPDYASLRSLVASSGTLEFKNESFNWTGVKQNGTSSACMRGSSSSFFSRLNWLTSLNNIYPAQNVTMPNKEQFDKLYIWGVHHPDTDKNQFSLFAQSSGRITVSTKRSQQAVIPNIGSRPRIRDIPSRISIYWTIVKPGDILLINSTGNLIAPRGYFKIRSGKSSIMRSDAPIDECKSECITPNGSIPNDKPFQNVNRITYGACPRYVKQSTLKLATGMRNVPEKQTRGIFGAIAGFIENGWEGMKDGWYGFRHQNSEGRGQAADLKSTQAAIDQISGKLNRLIGKTNEKFHQIEKEFSEVEGRVQDLEKYVEDTKIDLWSYNAELLVALENQHTIDLTDSEMNKLFEKTKKQLRENAEDMGNGCFKIYHKCDNACIGSIRNETYDHNVYRDEALNNRFQIKGVELKSGYKDWILWISFAMSCFLLCIALLGFIMWACQKGNIRCNICI	7.0	9.0	8.0	0.0	11.0	0.0	2025-08-19	1.0	1.0		62.0	0.95	0.01	-0.05	0.42	-0.38		0.03			True	True	0.0	0.4	0.02			1.0	0.0	0.0
