representative_strain	derived_haplotype	hamming_distance_nearest_library_strain	nearest_library_strain	Caton_epitope_distance	representative_strain_ha_sequence	latest_sequence	count	length	valid_sequence	selected_haplotype	mean_ha1_mutations	mean_epitope_mutations	mean_rbs_mutations	mean_glycosylation_count	mean_recurrent_mutations	n_countries	n_regions	days_since_latest_sequence	median_ga	frequency	relative_fitness	score_mutations	score_fitness	score_total	John_Huddleston_selection	Sam_Turner_selection	Jesse_Bloom_addition	Caroline_Kikawa_addition
A/Colorado/105/2025	D.3.1:R113K,A139D,K169R,E283K,K302E	1	A/Andalucia/PMC-00977/2025	1	MKAILVVMLYTFTTANADTLCIGYHANNSTDTVDTVLEKNVTVTHSVNLLEDKHNGKLCKLRGVAPLHLGQCNIAGWILGNPECESLSTARSWSYIVETSNSDNGTCYPGDFINYEELREQLSSVSSFEKFEIFPKASSWPNHDSDNGVTAACSHDGARSFYKNLIWLVKKGKSYPKINQTYINDRGKEVLVLWGIHHPPTITDQESLYQNADAYVFVGTSRYSKKFKPEIAARPKVRDQAGRMNYYWTLVEPGDKITFEATGNLVAPRYAFTMEKEAGSGIIISDTPVHDCNATCQTPKGAINTSLPFQNVHPITIGECPKYVRSTKLRLATGLRNVPSIQSRGLFGAIAGFIEGGWTGMVDGWYGYHHQNDQGSGYAADLKSTQNAVDKITNKVNSVIEKMNTQFTAVGKEFNHLEKRIENLNKKVDDGFLDVWTYNAELLVLLENERTLDYHDSNVKNLYEKVRHQLKNNAKETGNGCFEFYHKCDNTCMESVKNGTYDYPKYSEEAKLNREKIDGVKLDSTRIYQILAIYSTAASSLVLVVSLGAISFWMCSNGSLQCRICI	2025-10-01	5		True	True	17.0	6.0	0.0	6.0	1.0	3.0	2.0	19.0	1.08	0.0	0.08	0.55	0.63	1.19	1.0		0.0	0.0
A/Galicia/GA-CHUAC-449/2025	D.3.1:R113K,A139D,E260D,E283K,K302E	1	A/Andalucia/PMC-00977/2025	0	MKAILVVMLYTFTTANADTLCIGYHANNSTDTVDTVLEKNVTVTHSVNLLEDKHNGKLCKLRGVAPLHLGQCNIAGWILGNPECESLSTARSWSYIVETSNSDNGTCYPGDFINYEELREQLSSVSSFEKFEIFPKASSWPNHDSDNGVTAACSHDGARSFYKNLIWLVKKGKSYPKINQTYINDKGKEVLVLWGIHHPPTITDQESLYQNADAYVFVGTSRYSKKFKPEIAARPKVRDQAGRMNYYWTLVEPGDKITFEATGNLVAPRYAFTMEKDAGSGIIISDTPVHDCNATCQTPKGAINTSLPFQNVHPITIGECPKYVRSTKLRLATGLRNVPSIQSRGLFGAIAGFIEGGWTGMVDGWYGYHHQNDQGSGYAADLKSTQNAVDKITNKVNSVIEKMNTQFTAVGKEFNHLEKRIENLNKKVDDGFLDVWTYNAELLVLLENERTLDYHDSNVKNLYEKVRHQLKNNAKETGNGCFEFYHKCDNTCMESVKNGTYDYPKYSEEAKLNREKIDGVKLDSTRIYQILAIYSTAASSLVLVVSLGAISFWMCSNGSLQCRICI	2025-10-01	7		True	True	15.0	5.0	0.0	6.0	1.0	1.0	1.0	19.0	1.06	0.0	0.06	0.52	0.47	0.99	1.0		0.0	0.0
A/Andalucia/PMC-00977/2025	D.3.1:R113K,A139D,E283K,K302E	1	A/Colorado/105/2025	1	MKAILVVMLYTFTTANADTLCIGYHANNSTDTVDTVLEKNVTVTHSVNLLEDKHNGKLCKLRGVAPLHLGQCNIAGWILGNPECESLSTARSWSYIVETSNSDNGTCYPGDFINYEELREQLSSVSSFEKFEIFPKASSWPNHDSDNGVTAACSHDGARSFYKNLIWLVKKGKSYPKINQTYINDKGKEVLVLWGIHHPPTITDQESLYQNADAYVFVGTSRYSKKFKPEIAARPKVRDQAGRMNYYWTLVEPGDKITFEATGNLVAPRYAFTMEKEAGSGIIISDTPVHDCNATCQTPKGAINTSLPFQNVHPITIGECPKYVRSTKLRLATGLRNVPSIQSRGLFGAIAGFIEGGWTGMVDGWYGYHHQNDQGSGYAADLKSTQNAVDKITNKVNSVIEKMNTQFTAVGKEFNHLEKRIENLNKKVDDGFLDVWTYNAELLVLLENERTLDYHDSNVKNLYEKVRHQLKNNAKETGNGCFEFYHKCDNTCMESVKNGTYDYPKYSEEAKLNREKIDGVKLDSTRIYQILAIYSTAASSLVLVVSLGAISFWMCSNGSLQCRICI	2025-10-06	273		True	True	15.996337	4.996336996	0.0	6.0	1.0	16.0	5.0	14.0	1.04	0.12	0.04	0.53	0.33	0.85	1.0		0.0	0.0
A/SouthAustralia/2524712956/2025	D.3.1:I96V,S157L	1	A/Bangkok/P2277/2025	0	MKAILVVMLYTFTTANADTLCIGYHANNSTDTVDTVLEKNVTVTHSVNLLEDKHNGKLCKLRGVAPLHLGQCNIAGWILGNPECESLSTARSWSYIVETSNSDNGTCYPGDFVNYEELREQLSSVSSFERFEIFPKASSWPNHDSDNGVTAACSHAGARSFYKNLIWLVKKGKLYPKINQTYINDKGKEVLVLWGIHHPPTITDQESLYQNADAYVFVGTSRYSKKFKPEIAARPKVRDQAGRMNYYWTLVEPGDKITFEATGNLVAPRYAFTMEKEAGSGIIISDTPVHDCNATCQTPEGAINTSLPFQNVHPITIGKCPKYVRSTKLRLATGLRNVPSIQSRGLFGAIAGFIEGGWTGMVDGWYGYHHQNDQGSGYAADLKSTQNAVDKITNKVNSVIEKMNTQFTAVGKEFNHLEKRIENLNKKVDDGFLDVWTYNAELLVLLENERTLDYHDSNVKNLYEKVRHQLKNNAKETGNGCFEFYHKCDNTCMESVKNGTYDYPKYSEEAKLNREKIDGVKLDSTRIYQILAIYSTAASSLVLVVSLGAISFWMCSNGSLQCRICI	2025-09-16	5		True	True	14.0	5.0	0.0	6.0	2.0	1.0	1.0	34.0	1.03	0.0	0.03	0.53	0.26	0.79	1.0		0.0	0.0
A/Norway/9556/2025	D.3.1:R113K,A139D,G155E,E283K,K302E	1	A/Andalucia/PMC-00977/2025	1	MKAILVVMLYTFTTANADTLCIGYHANNSTDTVDTVLEKNVTVTHSVNLLEDKHNGKLCKLRGVAPLHLGQCNIAGWILGNPECESLSTARSWSYIVETSNSDNGTCYPGDFINYEELREQLSSVSSFEKFEIFPKASSWPNHDSDNGVTAACSHDGARSFYKNLIWLVKKEKSYPKINQTYINDKGKEVLVLWGIHHPPTITDQESLYQNADAYVFVGTSRYSKKFKPEIAARPKVRDQAGRMNYYWTLVEPGDKITFEATGNLVAPRYAFTMEKEAGSGIIISDTPVHDCNATCQTPKGAINTSLPFQNVHPITIGECPKYVRSTKLRLATGLRNVPSIQSRGLFGAIAGFIEGGWTGMVDGWYGYHHQNDQGSGYAADLKSTQNAVDKITNKVNSVIEKMNTQFTAVGKEFNHLEKRIENLNKKVDDGFLDVWTYNAELLVLLENERTLDYHDSNVKNLYEKVRHQLKNNAKETGNGCFEFYHKCDNTCMESVKNGTYDYPKYSEEAKLNREKIDGVKLDSTRIYQILAIYSTAASSLVLVVSLGAISFWMCSNGSLQCRICI	2025-09-17	1		True	True	17.0	6.0	0.0	6.0	1.0	1.0	1.0	33.0	0.0		0.0	0.55	0.0	0.55	1.0		0.0	0.0
A/Bangkok/P2277/2025	D.3.1:S157L	1	A/SouthAustralia/2524712956/2025	0	MKAILVVMLYTFTTANADTLCIGYHANNSTDTVDTVLEKNVTVTHSVNLLEDKHNGKLCKLRGVAPLHLGQCNIAGWILGNPECESLSTARSWSYIVETSNSDNGTCYPGDFINYEELREQLSSVSSFERFEIFPKASSWPNHDSDNGVTAACSHAGARSFYKNLIWLVKKGKLYPKINQTYINDKGKEVLVLWGIHHPPTITDQESLYQNADAYVFVGTSRYSKKFKPEIAARPKVRDQAGRMNYYWTLVEPGDKITFEATGNLVAPRYAFTMEKEAGSGIIISDTPVHDCNATCQTPEGAINTSLPFQNVHPITIGKCPKYVRSTKLRLATGLRNVPSIQSRGLFGAIAGFIEGGWTGMVDGWYGYHHQNDQGSGYAADLKSTQNAVDKITNKVNSVIEKMNTQFTAVGKEFNHLEKRIENLNKKVDDGFLDVWTYNAELLVLLENERTLDYHDSNVKNLYEKVRHQLKNNAKETGNGCFEFYHKCDNTCMESVKNGTYDYPKYSEEAKLNREKIDGVKLDSTRIYQILAIYSTAASSLVLVVSLGAISFWMCSNGSLQCRICI	2025-09-15	7		True	True	13.0	5.0	0.0	6.0	2.0	6.0	4.0	35.0	1.0	0.0	0.01	0.52	0.06	0.58	1.0		0.0	0.0
A/Alagoas/4131/2025	D.3.1:A261S	1	A/Alagoas/3579/2025	0	MKAILVVMLYTFTTANADTLCIGYHANNSTDTVDTVLEKNVTVTHSVNLLEDKHNGKLCKLRGVAPLHLGQCNIAGWILGNPECESLSTARSWSYIVETSNSDNGTCYPGDFINYEELREQLSSVSSFERFEIFPKASSWPNHDSDNGVTAACSHAGARSFYKNLIWLVKKGKSYPKINQTYINDKGKEVLVLWGIHHPPTITDQESLYQNADAYVFVGTSRYSKKFKPEIAARPKVRDQAGRMNYYWTLVEPGDKITFEATGNLVAPRYAFTMEKESGSGIIISDTPVHDCNATCQTPEGAINTSLPFQNVHPITIGKCPKYVRSTKLRLATGLRNVPSIQSRGLFGAIAGFIEGGWTGMVDGWYGYHHQNDQGSGYAADLKSTQNAVDKITNKVNSVIEKMNTQFTAVGKEFNHLEKRIENLNKKVDDGFLDVWTYNAELLVLLENERTLDYHDSNVKNLYEKVRHQLKNNAKETGNGCFEFYHKCDNTCMESVKNGTYDYPKYSEEAKLNREKIDGVKLDSTRIYQILAIYSTAASSLVLVVSLGAISFWMCSNGSLQCRICI	2025-09-28	17		True	True	13.0	4.0	0.0	6.0	1.0	2.0	2.0	22.0	1.01	0.01	0.02	0.48	0.13	0.61	1.0		0.0	0.0
A/Denmark/3070/2025	D.3.1:S157L,V321I	1	A/Bangkok/P2277/2025	0	MKAILVVMLYTFTTANADTLCIGYHANNSTDTVDTVLEKNVTVTHSVNLLEDKHNGKLCKLRGVAPLHLGQCNIAGWILGNPECESLSTARSWSYIVETSNSDNGTCYPGDFINYEELREQLSSVSSFERFEIFPKASSWPNHDSDNGVTAACSHAGARSFYKNLIWLVKKGKLYPKINQTYINDKGKEVLVLWGIHHPPTITDQESLYQNADAYVFVGTSRYSKKFKPEIAARPKVRDQAGRMNYYWTLVEPGDKITFEATGNLVAPRYAFTMEKEAGSGIIISDTPVHDCNATCQTPEGAINTSLPFQNVHPITIGKCPKYVRSTKLRLATGLRNIPSIQSRGLFGAIAGFIEGGWTGMVDGWYGYHHQNDQGSGYAADLKSTQNAVDKITNKVNSVIEKMNTQFTAVGKEFNHLEKRIENLNKKVDDGFLDVWTYNAELLVLLENERTLDYHDSNVKNLYEKVRHQLKNNAKETGNGCFEFYHKCDNTCMESVKNGTYDYPKYSEEAKLNREKIDGVKLDSTRIYQILAIYSTAASSLVLVVSLGAISFWMCSNGSLQCRICI	2025-09-01	69		True	True	14.0	5.0	0.0	6.0	3.0	3.0	2.0	49.0	1.01	0.03	0.01	0.55	0.07	0.61	1.0		0.0	0.0
A/Bangkok/1803/2025	D.3.1:R113K,A139D,G155E,E283K	1	A/Norway/9556/2025	0	MKAILVVMLYTFTTANADTLCIGYHANNSTDTVDTVLEKNVTVTHSVNLLEDKHNGKLCKLRGVAPLHLGQCNIAGWILGNPECESLSTARSWSYIVETSNSDNGTCYPGDFINYEELREQLSSVSSFEKFEIFPKASSWPNHDSDNGVTAACSHDGARSFYKNLIWLVKKEKSYPKINQTYINDKGKEVLVLWGIHHPPTITDQESLYQNADAYVFVGTSRYSKKFKPEIAARPKVRDQAGRMNYYWTLVEPGDKITFEATGNLVAPRYAFTMEKEAGSGIIISDTPVHDCNATCQTPKGAINTSLPFQNVHPITIGKCPKYVRSTKLRLATGLRNVPSIQSRGLFGAIAGFIEGGWTGMVDGWYGYHHQNDQGSGYAADLKSTQNAVDKITNKVNSVIEKMNTQFTAVGKEFNHLEKRIENLNKKVDDGFLDVWTYNAELLVLLENERTLDYHDSNVKNLYEKVRHQLKNNAKETGNGCFEFYHKCDNTCMESVKNGTYDYPKYSEEAKLNREKIDGVKLDSTRIYQILAIYSTAASSLVLVVSLGAISFWMCSNGSLQCRICI	2025-08-14	2		True	True	16.0	6.0	0.0	6.0	1.0	2.0	2.0	67.0	0.0		0.0	0.55	0.0	0.55		1.0	0.0	0.0
A/Aragon/2046/2025	D.3.1:R113K,A139D,K154R,E283K,K302E	1	A/Andalucia/PMC-00977/2025	1	MKAILVVMLYTFTTANADTLCIGYHANNSTDTVDTVLEKNVTVTHSVNLLEDKHNGKLCKLRGVAPLHLGQCNIAGWILGNPECESLSTARSWSYIVETSNSDNGTCYPGDFINYEELREQLSSVSSFEKFEIFPKASSWPNHDSDNGVTAACSHDGARSFYKNLIWLVKRGKSYPKINQTYINDKGKEVLVLWGIHHPPTITDQESLYQNADAYVFVGTSRYSKKFKPEIAARPKVRDQAGRMNYYWTLVEPGDKITFEATGNLVAPRYAFTMEKEAGSGIIISDTPVHDCNATCQTPKGAINTSLPFQNVHPITIGECPKYVRSTKLRLATGLRNVPSIQSRGLFGAIAGFIEGGWTGMVDGWYGYHHQNDQGSGYAADLKSTQNAVDKITNKVNSVIEKMNTQFTAVGKEFNHLEKRIENLNKKVDDGFLDVWTYNAELLVLLENERTLDYHDSNVKNLYEKVRHQLKNNAKETGNGCFEFYHKCDNTCMESVKNGTYDYPKYSEEAKLNREKIDGVKLDSTRIYQILAIYSTAASSLVLVVSLGAISFWMCSNGSLQCRICI	2025-09-25	4		True	True	17.0	6.0	0.0	6.0	1.0	1.0	1.0	25.0	0.0		0.0	0.55	0.0	0.55	1.0		0.0	0.0
A/Canberra/465/2025	D.3.1:I96V	1	A/SouthAustralia/2524712956/2025	1	MKAILVVMLYTFTTANADTLCIGYHANNSTDTVDTVLEKNVTVTHSVNLLEDKHNGKLCKLRGVAPLHLGQCNIAGWILGNPECESLSTARSWSYIVETSNSDNGTCYPGDFVNYEELREQLSSVSSFERFEIFPKASSWPNHDSDNGVTAACSHAGARSFYKNLIWLVKKGKSYPKINQTYINDKGKEVLVLWGIHHPPTITDQESLYQNADAYVFVGTSRYSKKFKPEIAARPKVRDQAGRMNYYWTLVEPGDKITFEATGNLVAPRYAFTMEKEAGSGIIISDTPVHDCNATCQTPEGAINTSLPFQNVHPITIGKCPKYVRSTKLRLATGLRNVPSIQSRGLFGAIAGFIEGGWTGMVDGWYGYHHQNDQGSGYAADLKSTQNAVDKITNKVNSVIEKMNTQFTAVGKEFNHLEKRIENLNKKVDDGFLDVWTYNAELLVLLENERTLDYHDSNVKNLYEKVRHQLKNNAKETGNGCFEFYHKCDNTCMESVKNGTYDYPKYSEEAKLNREKIDGVKLDSTRIYQILAIYSTAASSLVLVVSLGAISFWMCSNGSLQCRICI	2025-09-05	32		True	True	13.0	4.0	0.0	6.0	1.0	4.0	3.0	45.0	1.0	0.01	0.0	0.48	0.03	0.51	1.0		0.0	0.0
A/Bangkok/P2229/2025	D.3.1:N147T	1	A/Alagoas/3579/2025	0	MKAILVVMLYTFTTANADTLCIGYHANNSTDTVDTVLEKNVTVTHSVNLLEDKHNGKLCKLRGVAPLHLGQCNIAGWILGNPECESLSTARSWSYIVETSNSDNGTCYPGDFINYEELREQLSSVSSFERFEIFPKASSWPNHDSDNGVTAACSHAGARSFYKTLIWLVKKGKSYPKINQTYINDKGKEVLVLWGIHHPPTITDQESLYQNADAYVFVGTSRYSKKFKPEIAARPKVRDQAGRMNYYWTLVEPGDKITFEATGNLVAPRYAFTMEKEAGSGIIISDTPVHDCNATCQTPEGAINTSLPFQNVHPITIGKCPKYVRSTKLRLATGLRNVPSIQSRGLFGAIAGFIEGGWTGMVDGWYGYHHQNDQGSGYAADLKSTQNAVDKITNKVNSVIEKMNTQFTAVGKEFNHLEKRIENLNKKVDDGFLDVWTYNAELLVLLENERTLDYHDSNVKNLYEKVRHQLKNNAKETGNGCFEFYHKCDNTCMESVKNGTYDYPKYSEEAKLNREKIDGVKLDSTRIYQILAIYSTAASSLVLVVSLGAISFWMCSNGSLQCRICI	2025-08-04	2		True	True	13.0	4.0	0.0	6.0	2.0	2.0	2.0	77.0	0.0		0.0	0.5	0.0	0.5		1.0	0.0	0.0
A/Victoria/1493/2025	D.3.1:Q163K	1	A/Alagoas/3579/2025	1	MKAILVVMLYTFTTANADTLCIGYHANNSTDTVDTVLEKNVTVTHSVNLLEDKHNGKLCKLRGVAPLHLGQCNIAGWILGNPECESLSTARSWSYIVETSNSDNGTCYPGDFINYEELREQLSSVSSFERFEIFPKASSWPNHDSDNGVTAACSHAGARSFYKNLIWLVKKGKSYPKINKTYINDKGKEVLVLWGIHHPPTITDQESLYQNADAYVFVGTSRYSKKFKPEIAARPKVRDQAGRMNYYWTLVEPGDKITFEATGNLVAPRYAFTMEKEAGSGIIISDTPVHDCNATCQTPEGAINTSLPFQNVHPITIGKCPKYVRSTKLRLATGLRNVPSIQSRGLFGAIAGFIEGGWTGMVDGWYGYHHQNDQGSGYAADLKSTQNAVDKITNKVNSVIEKMNTQFTAVGKEFNHLEKRIENLNKKVDDGFLDVWTYNAELLVLLENERTLDYHDSNVKNLYEKVRHQLKNNAKETGNGCFEFYHKCDNTCMESVKNGTYDYPKYSEEAKLNREKIDGVKLDSTRIYQILAIYSTAASSLVLVVSLGAISFWMCSNGSLQCRICI	2025-08-08	2		True	True	13.0	5.0	0.0	6.0	2.0	1.0	1.0	73.0	0.0		0.0	0.52	0.0	0.52		1.0	0.0	0.0
A/Lao/820-2765/2025	D.3.1:E260K	1	A/Alagoas/3579/2025	0	MKAILVVMLYTFTTANADTLCIGYHANNSTDTVDTVLEKNVTVTHSVNLLEDKHNGKLCKLRGVAPLHLGQCNIAGWILGNPECESLSTARSWSYIVETSNSDNGTCYPGDFINYEELREQLSSVSSFERFEIFPKASSWPNHDSDNGVTAACSHAGARSFYKNLIWLVKKGKSYPKINQTYINDKGKEVLVLWGIHHPPTITDQESLYQNADAYVFVGTSRYSKKFKPEIAARPKVRDQAGRMNYYWTLVEPGDKITFEATGNLVAPRYAFTMEKKAGSGIIISDTPVHDCNATCQTPEGAINTSLPFQNVHPITIGKCPKYVRSTKLRLATGLRNVPSIQSRGLFGAIAGFIEGGWTGMVDGWYGYHHQNDQGSGYAADLKSTQNAVDKITNKVNSVIEKMNTQFTAVGKEFNHLEKRIENLNKKVDDGFLDVWTYNAELLVLLENERTLDYHDSNVKNLYEKVRHQLKNNAKETGNGCFEFYHKCDNTCMESVKNGTYDYPKYSEEAKLNREKIDGVKLDSTRIYQILAIYSTAASSLVLVVSLGAISFWMCSNGSLQCRICI	2025-09-05	6		True	True	12.0	4.0	0.0	6.0	1.0	1.0	1.0	45.0	1.0	0.0	0.01	0.47	0.06	0.53	1.0		0.0	0.0
A/France/ARA-HCL025155099501/2025	D.3.1:R113K,A139D,K259Q,E283K,K302E	1	A/Andalucia/PMC-00977/2025	0	MKAILVVMLYTFTTANADTLCIGYHANNSTDTVDTVLEKNVTVTHSVNLLEDKHNGKLCKLRGVAPLHLGQCNIAGWILGNPECESLSTARSWSYIVETSNSDNGTCYPGDFINYEELREQLSSVSSFEKFEIFPKASSWPNHDSDNGVTAACSHDGARSFYKNLIWLVKKGKSYPKINQTYINDKGKEVLVLWGIHHPPTITDQESLYQNADAYVFVGTSRYSKKFKPEIAARPKVRDQAGRMNYYWTLVEPGDKITFEATGNLVAPRYAFTMEQEAGSGIIISDTPVHDCNATCQTPKGAINTSLPFQNVHPITIGECPKYVRSTKLRLATGLRNVPSIQSRGLFGAIAGFIEGGWTGMVDGWYGYHHQNDQGSGYAADLKSTQNAVDKITNKVNSVIEKMNTQFTAVGKEFNHLEKRIENLNKKVDDGFLDVWTYNAELLVLLENERTLDYHDSNVKNLYEKVRHQLKNNAKETGNGCFEFYHKCDNTCMESVKNGTYDYPKYSEEAKLNREKIDGVKLDSTRIYQILAIYSTAASSLVLVVSLGAISFWMCSNGSLQCRICI	2025-10-02	3		True	True	16.0	5.0	0.0	6.0	1.0	1.0	1.0	18.0	0.0		0.0	0.53	0.0	0.53	1.0		0.0	0.0
A/SouthAustralia/2527612456/2025	D.3.1:R113K,A139D,G264S,E283K,K302E	1	A/Andalucia/PMC-00977/2025	0	MKAILVVMLYTFTTANADTLCIGYHANNSTDTVDTVLEKNVTVTHSVNLLEDKHNGKLCKLRGVAPLHLGQCNIAGWILGNPECESLSTARSWSYIVETSNSDNGTCYPGDFINYEELREQLSSVSSFEKFEIFPKASSWPNHDSDNGVTAACSHDGARSFYKNLIWLVKKGKSYPKINQTYINDKGKEVLVLWGIHHPPTITDQESLYQNADAYVFVGTSRYSKKFKPEIAARPKVRDQAGRMNYYWTLVEPGDKITFEATGNLVAPRYAFTMEKEAGSSIIISDTPVHDCNATCQTPKGAINTSLPFQNVHPITIGECPKYVRSTKLRLATGLRNVPSIQSRGLFGAIAGFIEGGWTGMVDGWYGYHHQNDQGSGYAADLKSTQNAVDKITNKVNSVIEKMNTQFTAVGKEFNHLEKRIENLNKKVDDGFLDVWTYNAELLVLLENERTLDYHDSNVKNLYEKVRHQLKNNAKETGNGCFEFYHKCDNTCMESVKNGTYDYPKYSEEAKLNREKIDGVKLDSTRIYQILAIYSTAASSLVLVVSLGAISFWMCSNGSLQCRICI	2025-10-05	4		True	True	17.0	5.0	0.0	6.0	1.0	1.0	1.0	15.0	0.0		0.0	0.54	0.0	0.54	1.0		0.0	0.0
A/Guangxi-Qingxiu/SWL11742/2025	D.3.1:S137Y	1	A/Alagoas/3579/2025	1	MKAILVVMLYTFTTANADTLCIGYHANNSTDTVDTVLEKNVTVTHSVNLLEDKHNGKLCKLRGVAPLHLGQCNIAGWILGNPECESLSTARSWSYIVETSNSDNGTCYPGDFINYEELREQLSSVSSFERFEIFPKASSWPNHDSDNGVTAACYHAGARSFYKNLIWLVKKGKSYPKINQTYINDKGKEVLVLWGIHHPPTITDQESLYQNADAYVFVGTSRYSKKFKPEIAARPKVRDQAGRMNYYWTLVEPGDKITFEATGNLVAPRYAFTMEKEAGSGIIISDTPVHDCNATCQTPEGAINTSLPFQNVHPITIGKCPKYVRSTKLRLATGLRNVPSIQSRGLFGAIAGFIEGGWTGMVDGWYGYHHQNDQGSGYAADLKSTQNAVDKITNKVNSVIEKMNTQFTAVGKEFNHLEKRIENLNKKVDDGFLDVWTYNAELLVLLENERTLDYHDSNVKNLYEKVRHQLKNNAKETGNGCFEFYHKCDNTCMESVKNGTYDYPKYSEEAKLNREKIDGVKLDSTRIYQILAIYSTAASSLVLVVSLGAISFWMCSNGSLQCRICI	2025-07-28	2		True	True	12.0	4.0	0.0	6.0	1.0	2.0	2.0	84.0	0.0		0.0	0.47	0.0	0.47		1.0	0.0	0.0
A/Darwin/1405/2025	D.3.1:R308K	1	A/Alagoas/3579/2025	0	MKAILVVMLYTFTTANADTLCIGYHANNSTDTVDTVLEKNVTVTHSVNLLEDKHNGKLCKLRGVAPLHLGQCNIAGWILGNPECESLSTARSWSYIVETSNSDNGTCYPGDFINYEELREQLSSVSSFERFEIFPKASSWPNHDSDNGVTAACSHAGARSFYKNLIWLVKKGKSYPKINQTYINDKGKEVLVLWGIHHPPTITDQESLYQNADAYVFVGTSRYSKKFKPEIAARPKVRDQAGRMNYYWTLVEPGDKITFEATGNLVAPRYAFTMEKEAGSGIIISDTPVHDCNATCQTPEGAINTSLPFQNVHPITIGKCPKYVKSTKLRLATGLRNVPSIQSRGLFGAIAGFIEGGWTGMVDGWYGYHHQNDQGSGYAADLKSTQNAVDKITNKVNSVIEKMNTQFTAVGKEFNHLEKRIENLNKKVDDGFLDVWTYNAELLVLLENERTLDYHDSNVKNLYEKVRHQLKNNAKETGNGCFEFYHKCDNTCMESVKNGTYDYPKYSEEAKLNREKIDGVKLDSTRIYQILAIYSTAASSLVLVVSLGAISFWMCSNGSLQCRICI	2025-09-13	4		True	True	11.0	4.0	0.0	6.0	1.0	4.0	4.0	37.0	0.0		0.0	0.46	0.0	0.46	1.0		0.0	0.0
A/Queensland/159/2025	D.3.1:S190R	1	A/Alagoas/3579/2025	1	MKAILVVMLYTFTTANADTLCIGYHANNSTDTVDTVLEKNVTVTHSVNLLEDKHNGKLCKLRGVAPLHLGQCNIAGWILGNPECESLSTARSWSYIVETSNSDNGTCYPGDFINYEELREQLSSVSSFERFEIFPKASSWPNHDSDNGVTAACSHAGARSFYKNLIWLVKKGKSYPKINQTYINDKGKEVLVLWGIHHPPTITDQERLYQNADAYVFVGTSRYSKKFKPEIAARPKVRDQAGRMNYYWTLVEPGDKITFEATGNLVAPRYAFTMEKEAGSGIIISDTPVHDCNATCQTPEGAINTSLPFQNVHPITIGKCPKYVRSTKLRLATGLRNVPSIQSRGLFGAIAGFIEGGWTGMVDGWYGYHHQNDQGSGYAADLKSTQNAVDKITNKVNSVIEKMNTQFTAVGKEFNHLEKRIENLNKKVDDGFLDVWTYNAELLVLLENERTLDYHDSNVKNLYEKVRHQLKNNAKETGNGCFEFYHKCDNTCMESVKNGTYDYPKYSEEAKLNREKIDGVKLDSTRIYQILAIYSTAASSLVLVVSLGAISFWMCSNGSLQCRICI	2025-08-21	5		True	True	13.0	5.0	0.0	6.0	2.0	1.0	1.0	60.0	0.97	0.0	-0.03	0.52	-0.24	0.28		1.0	0.0	0.0
A/Catalonia/NSAV198331894/2025	D.3.1:K259R	1	A/Alagoas/3579/2025	0	MKAILVVMLYTFTTANADTLCIGYHANNSTDTVDTVLEKNVTVTHSVNLLEDKHNGKLCKLRGVAPLHLGQCNIAGWILGNPECESLSTARSWSYIVETSNSDNGTCYPGDFINYEELREQLSSVSSFERFEIFPKASSWPNHDSDNGVTAACSHAGARSFYKNLIWLVKKGKSYPKINQTYINDKGKEVLVLWGIHHPPTITDQESLYQNADAYVFVGTSRYSKKFKPEIAARPKVRDQAGRMNYYWTLVEPGDKITFEATGNLVAPRYAFTMEREAGSGIIISDTPVHDCNATCQTPEGAINTSLPFQNVHPITIGKCPKYVRSTKLRLATGLRNVPSIQSRGLFGAIAGFIEGGWTGMVDGWYGYHHQNDQGSGYAADLKSTQNAVDKITNKVNSVIEKMNTQFTAVGKEFNHLEKRIENLNKKVDDGFLDVWTYNAELLVLLENERTLDYHDSNVKNLYEKVRHQLKNNAKETGNGCFEFYHKCDNTCMESVKNGTYDYPKYSEEAKLNREKIDGVKLDSTRIYQILAIYSTAASSLVLVVSLGAISFWMCSNGSLQCRICI	2025-09-25	8		True	True	11.0	4.0	0.0	6.0	1.0	6.0	2.0	25.0	0.96	0.0	-0.03	0.46	-0.26	0.19		1.0	0.0	0.0
A/SouthAustralia/2523011822/2025	D.3.1:T186A	1	A/Alagoas/3579/2025	1	MKAILVVMLYTFTTANADTLCIGYHANNSTDTVDTVLEKNVTVTHSVNLLEDKHNGKLCKLRGVAPLHLGQCNIAGWILGNPECESLSTARSWSYIVETSNSDNGTCYPGDFINYEELREQLSSVSSFERFEIFPKASSWPNHDSDNGVTAACSHAGARSFYKNLIWLVKKGKSYPKINQTYINDKGKEVLVLWGIHHPPTIADQESLYQNADAYVFVGTSRYSKKFKPEIAARPKVRDQAGRMNYYWTLVEPGDKITFEATGNLVAPRYAFTMEKEAGSGIIISDTPVHDCNATCQTPEGAINTSLPFQNVHPITIGKCPKYVRSTKLRLATGLRNVPSIQSRGLFGAIAGFIEGGWTGMVDGWYGYHHQNDQGSGYAADLKSTQNAVDKITNKVNSVIEKMNTQFTAVGKEFNHLEKRIENLNKKVDDGFLDVWTYNAELLVLLENERTLDYHDSNVKNLYEKVRHQLKNNAKETGNGCFEFYHKCDNTCMESVKNGTYDYPKYSEEAKLNREKIDGVKLDSTRIYQILAIYSTAASSLVLVVSLGAISFWMCSNGSLQCRICI	2025-08-19	2			True	11.0	3.0	0.0	6.0	1.0			62.0	0.0		0.0	0.4318181818	0.0	0.4318181818		1.0		
A/BritishColumbia/PHL-2467/2025	D.3.1:D86N	1	A/Alagoas/3579/2025	0	MKAILVVMLYTFTTANADTLCIGYHANNSTDTVDTVLEKNVTVTHSVNLLEDKHNGKLCKLRGVAPLHLGQCNIAGWILGNPECESLSTARSWSYIVETSNSNNGTCYPGDFINYEELREQLSSVSSFERFEIFPKASSWPNHDSDNGVTAACSHAGARSFYKNLIWLVKKGKSYPKINQTYINDKGKEVLVLWGIHHPPTITDQESLYQNADAYVFVGTSRYSKKFKPEIAARPKVRDQAGRMNYYWTLVEPGDKITFEATGNLVAPRYAFTMEKEAGSGIIISDTPVHDCNATCQTPEGAINTSLPFQNVHPITIGKCPKYVRSTKLRLATGLRNVPSIQSRGLFGAIAGFIEGGWTGMVDGWYGYHHQNDQGSGYAADLKSTQNAVDKITNKVNSVIEKMNTQFTAVGKEFNHLEKRIENLNKKVDDGFLDVWTYNAELLVLLENERTLDYHDSNVKNLYEKVRHQLKNNAKETGNGCFEFYHKCDNTCMESVKNGTYDYPKYSEEAKLNREKIDGVKLDSTRIYQILAIYSTAASSLVLVVSLGAISFWMCSNGSLQCRICI	2025-09-16	3		True	True	13.0	4.0	0.0	6.0	1.0	2.0	2.0	34.0	0.0		0.0	0.48	0.0	0.48	1.0		0.0	0.0
A/Catalonia/NSVH102689455/2025	D.3.1:A197T	1	A/Alagoas/3579/2025	0	MKAILVVMLYTFTTANADTLCIGYHANNSTDTVDTVLEKNVTVTHSVNLLEDKHNGKLCKLRGVAPLHLGQCNIAGWILGNPECESLSTARSWSYIVETSNSDNGTCYPGDFINYEELREQLSSVSSFERFEIFPKASSWPNHDSDNGVTAACSHAGARSFYKNLIWLVKKGKSYPKINQTYINDKGKEVLVLWGIHHPPTITDQESLYQNADTYVFVGTSRYSKKFKPEIAARPKVRDQAGRMNYYWTLVEPGDKITFEATGNLVAPRYAFTMEKEAGSGIIISDTPVHDCNATCQTPEGAINTSLPFQNVHPITIGKCPKYVRSTKLRLATGLRNVPSIQSRGLFGAIAGFIEGGWTGMVDGWYGYHHQNDQGSGYAADLKSTQNAVDKITNKVNSVIEKMNTQFTAVGKEFNHLEKRIENLNKKVDDGFLDVWTYNAELLVLLENERTLDYHDSNVKNLYEKVRHQLKNNAKETGNGCFEFYHKCDNTCMESVKNGTYDYPKYSEEAKLNREKIDGVKLDSTRIYQILAIYSTAASSLVLVVSLGAISFWMCSNGSLQCRICI	2025-09-26	4		True	True	13.0	4.0	0.0	6.0	1.0	2.0	2.0	24.0	0.0		0.0	0.48	0.0	0.48	1.0		0.0	0.0
A/SouthAustralia/2519001037/2025	D.3.1:A141S	1	A/Alagoas/3579/2025	1	MKAILVVMLYTFTTANADTLCIGYHANNSTDTVDTVLEKNVTVTHSVNLLEDKHNGKLCKLRGVAPLHLGQCNIAGWILGNPECESLSTARSWSYIVETSNSDNGTCYPGDFINYEELREQLSSVSSFERFEIFPKASSWPNHDSDNGVTAACSHAGSRSFYKNLIWLVKKGKSYPKINQTYINDKGKEVLVLWGIHHPPTITDQESLYQNADAYVFVGTSRYSKKFKPEIAARPKVRDQAGRMNYYWTLVEPGDKITFEATGNLVAPRYAFTMEKEAGSGIIISDTPVHDCNATCQTPEGAINTSLPFQNVHPITIGKCPKYVRSTKLRLATGLRNVPSIQSRGLFGAIAGFIEGGWTGMVDGWYGYHHQNDQGSGYAADLKSTQNAVDKITNKVNSVIEKMNTQFTAVGKEFNHLEKRIENLNKKVDDGFLDVWTYNAELLVLLENERTLDYHDSNVKNLYEKVRHQLKNNAKETGNGCFEFYHKCDNTCMESVKNGTYDYPKYSEEAKLNREKIDGVKLDSTRIYQILAIYSTAASSLVLVVSLGAISFWMCSNGSLQCRICI	2025-07-30	8		True	True	13.0	5.0	0.0	6.0	2.0	1.0	1.0	82.0	0.92	0.0	-0.08	0.52	-0.64	-0.12		1.0	0.0	0.0
A/Alagoas/3579/2025	D.3.1	1	A/Bangkok/P2277/2025	1	MKAILVVMLYTFTTANADTLCIGYHANNSTDTVDTVLEKNVTVTHSVNLLEDKHNGKLCKLRGVAPLHLGQCNIAGWILGNPECESLSTARSWSYIVETSNSDNGTCYPGDFINYEELREQLSSVSSFERFEIFPKASSWPNHDSDNGVTAACSHAGARSFYKNLIWLVKKGKSYPKINQTYINDKGKEVLVLWGIHHPPTITDQESLYQNADAYVFVGTSRYSKKFKPEIAARPKVRDQAGRMNYYWTLVEPGDKITFEATGNLVAPRYAFTMEKEAGSGIIISDTPVHDCNATCQTPEGAINTSLPFQNVHPITIGKCPKYVRSTKLRLATGLRNVPSIQSRGLFGAIAGFIEGGWTGMVDGWYGYHHQNDQGSGYAADLKSTQNAVDKITNKVNSVIEKMNTQFTAVGKEFNHLEKRIENLNKKVDDGFLDVWTYNAELLVLLENERTLDYHDSNVKNLYEKVRHQLKNNAKETGNGCFEFYHKCDNTCMESVKNGTYDYPKYSEEAKLNREKIDGVKLDSTRIYQILAIYSTAASSLVLVVSLGAISFWMCSNGSLQCRICI	2025-10-06	1333		True	True	11.98874719	3.9939985	0.0	5.99699925	0.9992498125	41.0	10.0	14.0	1.0	0.59	0.0	0.47	0.03	0.5	1.0		0.0	0.0
A/Zacapa/FLU-261/2025	D.3.1:A141T,T310I	2	A/SouthAustralia/2519001037/2025	1	MKAILVVMLYTFTTANADTLCIGYHANNSTDTVDTVLEKNVTVTHSVNLLEDKHNGKLCKLRGVAPLHLGQCNIAGWILGNPECESLSTARSWSYIVETSNSDNGTCYPGDFINYEELREQLSSVSSFERFEIFPKASSWPNHDSDNGVTAACSHAGTRSFYKNLIWLVKKGKSYPKINQTYINDKGKEVLVLWGIHHPPTITDQESLYQNADAYVFVGTSRYSKKFKPEIAARPKVRDQAGRMNYYWTLVEPGDKITFEATGNLVAPRYAFTMEKEAGSGIIISDTPVHDCNATCQTPEGAINTSLPFQNVHPITIGKCPKYVRSIKLRLATGLRNVPSIQSRGLFGAIAGFIEGGWTGMVDGWYGYHHQNDQGSGYAADLKSTQNAVDKITNKVNSVIEKMNTQFTAVGKEFNHLEKRIENLNKKVDDGFLDVWTYNAELLVLLENERTLDYHDSNVKNLYEKVRHQLKNNAKETGNGCFEFYHKCDNTCMESVKNGTYDYPKYSEEAKLNREKIDGVKLDSTRIYQILAIYSTAASSLVLVVSLGAISFWMCSNGSLQCRICI	2025-08-07	2		True	True	14.0	5.0	0.0	6.0	1.0	1.0	1.0	74.0	0.0		0.0	0.51	0.0	0.51		1.0	0.0	0.0
A/Sydney/400/2025	D.3.1:R113K,N130K,A139D,E283K	2	A/Andalucia/PMC-00977/2025	0	MKAILVVMLYTFTTANADTLCIGYHANNSTDTVDTVLEKNVTVTHSVNLLEDKHNGKLCKLRGVAPLHLGQCNIAGWILGNPECESLSTARSWSYIVETSNSDNGTCYPGDFINYEELREQLSSVSSFEKFEIFPKASSWPNHDSDKGVTAACSHDGARSFYKNLIWLVKKGKSYPKINQTYINDKGKEVLVLWGIHHPPTITDQESLYQNADAYVFVGTSRYSKKFKPEIAARPKVRDQAGRMNYYWTLVEPGDKITFEATGNLVAPRYAFTMEKEAGSGIIISDTPVHDCNATCQTPKGAINTSLPFQNVHPITIGKCPKYVRSTKLRLATGLRNVPSIQSRGLFGAIAGFIEGGWTGMVDGWYGYHHQNDQGSGYAADLKSTQNAVDKITNKVNSVIEKMNTQFTAVGKEFNHLEKRIENLNKKVDDGFLDVWTYNAELLVLLENERTLDYHDSNVKNLYEKVRHQLKNNAKETGNGCFEFYHKCDNTCMESVKNGTYDYPKYSEEAKLNREKIDGVKLDSTRIYQILAIYSTAASSLVLVVSLGAISFWMCSNGSLQCRICI	2025-07-09	1		True	True	16.0	5.0	0.0	6.0	2.0	1.0	1.0	103.0	0.0		0.0	0.55	0.0	0.55		1.0	0.0	0.0
A/Canberra/530/2025	D.3.1:A139S	2	A/Alagoas/3579/2025	1	MKAILLVMLYTFTTANADTLCIGYHANNSTDTVDTVLEKNVTVTHSVNLLEDKHNGKLCKLRGVAPLHLGQCNIAGWILGNPECESLSTARSWSYIVETSNSDNGTCYPGDFINYEELREQLSSVSSFERFEIFPKASSWPNHDSDNGVTAACSHSGARSFYKNLIWLVKKGKSYPKINQTYINDKGKEVLVLWGIHHPPTITDQESLYQNADAYVFVGTSRYSKKFKPEIAARPKVRDQAGRMNYYWTLVEPGDKITFEATGNLVAPRYAFTMEKEAGSGIIISDTPVHDCNATCQTPEGAINTSLPFQNVHPITIGKCPKYVRSTKLRLATGLRNVPSIQSRGLFGAIAGFIEGGWTGMVDGWYGYHHQNDQGSGYAADLKSTQNAVDKITNKVNSVIEKMNTQFTAVGKEFNHLEKRIENLNKKVDDGFLDVWTYNAELLVLLENERTLDYHDSNVKNLYEKVRHQLKNNAKETGNGCFEFYHKCDNTCMESVKNGTYDYPKYSEEAKLNREKIDGVKLDSTRIYQILAIYSTAASSLVLVVSLGAISFWMCSNGSLQCRICI	2025-07-29	2		True	True	13.0	5.0	0.0	6.0	2.0	2.0	2.0	83.0	0.0		0.0	0.52	0.0	0.52		1.0	0.0	0.0
A/California/63/2025	D.3.1:T270A	2	A/Alagoas/3579/2025	0	MKAILVVMLYTFTTANADTLCIGYHANNSTDTVDTVLEKNVTVTHSVNLLEDKHNGKLCKLRGVAPLHLGQCNIAGWILGNPECESLSTARSWSYIVETSNSDNGTCYPGDFINYEELREQLSSVSSFERFEIFPKASSWPNHDSDNGVTAACSHAGARSFYKNLIWLVKKGKSYPKINQTYINDKGKEVLVLWGIHHPPTITDQESLYQNADAYVFVGTSRYSKKFKPEIAARPKVRDQAGRMNYYWTLVEPGDKITFEATGNLVAPRYAFTMEKEAGSGIIISDAPVHDCNATCQTPEGAINTSLPFQNVHPITIGKCPKYVRSTKLRLATGLRNVPSIQSRGLFGAIAGFIEGGWTGMVDGWYGYHHQNDQGSGYAADLKSTQNAVDKITNKVNSVIEKMNTQFTAVGKEFNNLEKRIENLNKKVDDGFLDVWTYNAELLVLLENERTLDYHDSNVKNLYEKVRHQLKNNAKETGNGCFEFYHKCDNTCMESVKNGTYDYPKYSEEAKLNREKIDGVKLDSTRIYQILAIYSTAASSLVLVVSLGAISFWMCSNGSLQCRICI	2025-09-25	19		True	True	13.0	4.0	0.0	6.0	1.0	9.0	6.0	25.0	1.05	0.01	0.05	0.48	0.41	0.89	1.0		0.0	0.0
A/Philippines/SARI25-1425/2025	D.3.1:G155E	2	A/Alagoas/3579/2025	1	MKAILVVMLYTFTTANADTLCIGYHANNSTDTVDTVLEKNVTVTHSVNLLEDKHNGKLCKLRGVAPLHLGQCNIAGWILGNPECESLSTARSWSYIVETSNSDNGTCYPGDFINYEELREQLSSVSSFERFEIFPKASSWPNHDSDNGVTAACSHAGARSFYKNLIWLVKKEKSYPKINQTYINDKGKEVLVLWGIHHPPTITDQESLYQNADAYVFVGTSRYSKKFKPEIAARPKVRDQAGRMNYYWTLVEPGDKITFEATGNLVAPRYAFTMEKEAGSGIIISDTPVHDCNATCQTPEGAINTSLPFQNVHPITIGKCPKYVRSTKLRLATGLRNVPSIQSRGLFGAIAGFIEGGWTGMVDGWYGYHHQNDQGSGYAADLKSTQNAVDKITNKVNSVIEKMNTQFTAVGKEFNHLEKRIENLNKKVDDGFLDVWTYNAELLVLLENERTLDYHDSNVKNLYEKVRHQLKNNAKETGNGCFEFYHKCDNTCMESVKNGTYDYPKYSEEAKLNREKIDGVKLDSTRVYQILAIYSTAASSLVLVVSLGAISFWMCSNGSLQCRICI	2025-09-18	12		True	True	12.91666667	5.0	0.0	6.0	0.9166666667	3.0	3.0	32.0	1.04	0.01	0.04	0.5	0.31	0.81	1.0		0.0	0.0
A/SouthAustralia/2521506017/2025	D.3.1:I185T,R205K	2	A/Alagoas/3579/2025	2	MKAILVVMLYTFTTANADTLCIGYHANNSTDTVDTVLEKNVTVTHSVNLLEDKHNGKLCKLRGVAPLHLGQCNIAGWILGNPECESLSTARSWSYIVETSNSDNGTCYPGDFINYEELREQLSSVSSFERFEIFPKASSWPNHDSDNGVTAACSHAGARSFYKNLIWLVKKGKSYPKINQTYINDKGKEVLVLWGIHHPPTTTDQESLYQNADAYVFVGTSKYSKKFKPEIAARPKVRDQAGRMNYYWTLVEPGDKITFEATGNLVAPRYAFTMEKEAGSGIIISDTPVHDCNATCQTPEGAINTSLPFQNVHPITIGKCPKYVRSTKLRLATGLRNVPSIQSRGLFGAIAGFIEGGWTGMVDGWYGYHHQNDQGSGYAADLKSTQNAVDKITNKVNSVIEKMNTQFTAVGKEFNHLEKRIENLNKKVDDGFLDVWTYNAELLVLLENERTLDYHDSNVKNLYEKVRHQLKNNAKETGNGCFEFYHKCDNTCMESVKNGTYDYPKYSEEAKLNREKIDGVKLDSTRIYQILAIYSTAASSLVLVVSLGAISFWMCSNGSLQCRICI	2025-08-24	3		True	True	14.0	6.0	0.0	6.0	1.0	1.0	1.0	57.0	0.0		0.0	0.53	0.0	0.53		1.0	0.0	0.0
A/Norway/9107/2025	D.3.1:S71A	2	A/Alagoas/3579/2025	1	MKAILVVMLYTFTTANADTLCIGYHANNSTDTVDTVLEKNVTVTHSVNLLEDKHNGKLCKLRGVAPLHLGQCNIAGWILGNPECESLATARSWSYIVETSNSDNGTCYPGDFINYEELREQLSSVSSFERFEIFPKASSWPNHDSDNGVTAACSHAGARSFYKNLIWLVKKGKSYPKINQTYINDKGKEVLVLWGIHHPPTITDQESLYQNADAYVFVGTSRYSKKFKPEIAARPKVRDQAGRMNYYWTLVEPGDKITFEATGNLVAPRYAFTMEKEAGSGIIISDTPVHDCNATCQTPEGAINTSLPFQNVHPITIGKCPKYVRSTKLRLATGLRNVPSIQSRGLFGAIAGFIEGGWTGMVDGWYGYHHQNDQGSGYAADLKSTQNAVDKITNKVNSVIEKMNTQFTAVGKEFNHLEKRIENLNKKVDDGFLDVWTYNAELLVLLENERTLDYHDSNVKNLYEKVRHQLKNNAKETGNGCFEFYHKCDNTCMESIKNGTYDYPKYSEEAKLNREKIDGVKLDSTRIYQILAIYSTAASSLVLVVSLGAISFWMCSNGSLQCRICI	2025-09-09	5		True	True	13.0	5.0	0.0	6.0	1.0	1.0	1.0	41.0	1.02	0.0	0.02	0.5	0.18	0.68	1.0		0.0	0.0
A/BritishColumbia/PHL-2478/2025	D.3.1:E66K,S157L	2	A/Bangkok/P2277/2025	0	MKAILVVMLYTFTTANADTLCIGYHANNSTDTVDTVLEKNVTVTHSVNLLEDKHNGKLCKLRGVAPLHLGQCNIAGWILGNPKCESLSTARSWSYIVETSNSDNGTCYPGDFINYEELREQLSSVSSFERFEIFPKASSWPNHDSDNGVTAACSHAGARSFYKNLIWLVKKGKLYPKINQTYINDKGKEVLVLWGIHHPPTITDQESLYQNADAYVFVGTSRYSKKFKPEIAARPKVRDQAGRMNYYWTLVEPGDKITFEATGNLVAPRYAFTMEKEAGSGIIISDTPVHDCNATCQTPEGAINTSLPFQNVHPITIGKCPKYVRSTKLRLATGLRNVPSIQSRGLFGAIAGFIEGGWTGMVDGWYGYHHQNDQGSGYAADLKSTQNAVDKITNKVNSVIEKMNTQFTAVGKEFNHLEKRIENLNKKVDDGFLDVWTYNAELLVLLENERTLDYHDSNVKNLYEKVRHQLKNNAKETGNGCFEFYHKCDNTCMESVKNGTYDYPKYSEEAKLNREKIDGVKLDSTRIYQILAIYSTAASSLVLVVSLGAIGFWMCSNGSLQCRICI	2025-08-14	2		True	True	14.0	5.0	0.0	6.0	2.0	1.0	1.0	67.0	0.0		0.0	0.53	0.0	0.53		1.0	0.0	0.0
A/SouthAustralia/2523012764/2025	D.3.1:S121I	2	A/Alagoas/3579/2025	0	MKAILVVMLYTFTTANADTLCIGYHANNSTDTVDTVLEKNVTVTHSVNLLEDKHNGKLCKLRGVAPLHLGQCNIAGWILGNPECESLSTARSWSYIVETSNSDNGTCYPGDFINYEELREQLSSVSSFERFEIFPKAISWPNHDSDNGVTAACSHAGARSFYKNLIWLVKKGKSYPKINQTYINDKGKEVLVLWGIHHPPTITDQESLYQNADAYVFVGTSRYSKKFKPEIAARPKVRDQAGRMNYYWTLVEPGDKITFEATGNLVAPRYAFTMEKEAGSGIIISDTPVHDCNATCQTPEGAINTSLPFQNVHPITIGKCPKYVRSTKLRLATGLRNVPSIQSRGLFGAIAGFIEGGWTGMVDGWYGYHHQNDQGSGYAADLKSTQNAVDKITNKVNSVIEKMNTQFTAVGKEFNHLEKRIENLNKKVDDGFLDVWTYNAELLVLLENERTLDYHDSNVKNLYEKVRHQLKNNAKETGNGCFEFYHKCDNTCMESIKNGTYDYPKYSEEAKLNREKIDGVKLDSTRIYQILAIYSTAASSLVLVVSLGAISFWMCSNGSLQCRICI	2025-09-22	4		True	True	13.0	4.0	0.0	6.0	2.0	1.0	1.0	28.0	0.0		0.0	0.5	0.0	0.5	1.0		0.0	0.0
A/SouthAustralia/2518911830/2025	D.3.1:K43R,Q54L,A261S	2	A/Alagoas/4131/2025	0	MKAILVVMLYTFTTANADTLCIGYHANNSTDTVDTVLEKNVTVTHSVNLLEDKHNGKLCRLRGVAPLHLGLCNIAGWILGNPECESLSTARSWSYIVETSNSDNGTCYPGDFINYEELREQLSSVSSFERFEIFPKASSWPNHDSDNGVTAACSHAGARSFYKNLIWLVKKGKSYPKINQTYINDKGKEVLVLWGIHHPPTITDQESLYQNADAYVFVGTSRYSKKFKPEIAARPKVRDQAGRMNYYWTLVEPGDKITFEATGNLVAPRYAFTMEKESGSGIIISDTPVHDCNATCQTPEGAINTSLPFQNVHPITIGKCPKYVRSTKLRLATGLRNVPSIQSRGLFGAIAGFIEGGWTGMVDGWYGYHHQNDQGSGYAADLKSTQNAVDKITNKVNSVIEKMNTQFTAVGKEFNHLEKRIENLNKKVDDGFLDVWTYNAELLVLLENERTLDYHDSNVKNLYEKVRHQLKNNAKETGNGCFEFYHKCDNTCMESVKNGTYDYPKYSEEAKLNREKIDGVKLDSTRIYQILAIYSTAASSLVLVVSLGAISFWMCSNGSLQCRICI	2025-08-06	4		True	True	14.0	4.0	0.0	6.0	1.0	1.0	1.0	75.0	0.0		0.0	0.49	0.0	0.49	1.0		0.0	0.0
A/SouthAustralia/2520702747/2025	D.3.1:R45K,S137P	2	A/Guangxi-Qingxiu/SWL11742/2025	1	MKAILVVMLYTFTTANADTLCIGYHANNSTDTVDTVLEKNVTVTHSVNLLEDKHNGKLCKLKGVAPLHLGQCNIAGWILGNPECESLSTARSWSYIVETSNSDNGTCYPGDFINYEELREQLSSVSSFERFEIFPKASSWPNHDSDNGVTAACPHAGARSFYKNLIWLVKKGKSYPKINQTYINDKGKEVLVLWGIHHPPTITDQESLYQNADAYVFVGTSRYSKKFKPEIAARPKVRDQAGRMNYYWTLVEPGDKITFEATGNLVAPRYAFTMEKEAGSGIIISDTPVHDCNATCQTPEGAINTSLPFQNVHPITIGKCPKYVRSTKLRLATGLRNVPSIQSRGLFGAIAGFIEGGWTGMVDGWYGYHHQNDQGSGYAADLKSTQNAVDKITNKVNSVIEKMNTQFTAVGKEFNHLEKRIENLNKKVDDGFLDVWTYNAELLVLLENERTLDYHDSNVKNLYEKVRHQLKNNAKETGNGCFEFYHKCDNTCMESVKNGTYDYPKYSEEAKLNREKIDGVKLDSTRIYQILAIYSTAASSLVLVVSLGAISFWMCSNGSLQCRICI	2025-07-29	2		True	True	12.0	3.0	0.0	6.0	2.0	1.0	1.0	83.0	0.0		0.0	0.47	0.0	0.47		1.0	0.0	0.0
A/SouthAustralia/2521715152/2025	D.3.1:L70F	2	A/Alagoas/3579/2025	1	MKAILVVMLYTFTTTNADTLCIGYHANNSTDTVDTVLEKNVTVTHSVNLLEDKHNGKLCKLRGVAPLHLGQCNIAGWILGNPECESFSTARSWSYIVETSNSDNGTCYPGDFINYEELREQLSSVSSFERFEIFPKASSWPNHDSDNGVTAACSHAGARSFYKNLIWLVKKGKSYPKINQTYINDKGKEVLVLWGIHHPPTITDQESLYQNADAYVFVGTSRYSKKFKPEIAARPKVRDQAGRMNYYWTLVEPGDKITFEATGNLVAPRYAFTMEKEAGSGIIISDTPVHDCNATCQTPEGAINTSLPFQNVHPITIGKCPKYVRSTKLRLATGLRNVPSIQSRGLFGAIAGFIEGGWTGMVDGWYGYHHQNDQGSGYAADLKSTQNAVDKITNKVNSVIEKMNTQFTAVGKEFNHLEKRIENLNKKVDDGFLDVWTYNAELLVLLENERTLDYHDSNVKNLYEKVRHQLKNNAKETGNGCFEFYHKCDNTCMESVKNGTYDYPKYSEEAKLNREKIDGVKLDSTRIYQILAIYSTAASSLVLVVSLGAISFWMCSNGSLQCRICI	2025-08-24	6		True	True	13.0	5.0	0.0	6.0	1.0	1.0	1.0	57.0	1.0	0.0	0.0	0.5	0.02	0.52	1.0		0.0	0.0
A/BritishColumbia/PHL-2473/2025	D.3.1:A139T,A261T	2	A/Alagoas/4131/2025	1	MKAILVVMLYTFTTANADTLCIGYHANNSTDTVDTVLEKNVTVTHSVNLLEDKHNGKLCKLRGVAPLHLGQCNIAGWILGNPECESLSTARSWSYIVETSNSDNGTCYPGDFINYEELREQLSSVSSFERFEIFPKASSWPNHDSDNGVTAACSHTGARSFYKNLIWLVKKGKSYPKINQTYINDKGKEVLVLWGIHHPPTITDQESLYQNADAYVFVGTSRYSKKFKPEIAARPKVRDQAGRMNYYWTLVEPGDKITFEATGNLVAPRYAFTMEKETGSGIIISDTPVHDCNATCQTPEGAINTSLPFQNVHPITIGKCPKYVRSTKLRLATGLRNVPSIQSRGLFGAIAGFIEGGWTGMVDGWYGYHHQNDQGSGYAADLKSTQNAVDKITNKVNSVIEKMNTQFTAVGKEFNHLEKRIENLNKKVDDGFLDVWTYNAELLVLLENERTLDYHDSNVKNLYEKVRHQLKNNAKETGNGCFEFYHKCDNTCMESVKNGTYDYPKYSEEAKLNREKIDGVKLDSTRIYQILAIYSTAASSLVLVVSLGAISFWMCSNGSLQCRICI	2025-08-22	8		True	True	14.0	5.0	0.0	6.0	1.0	2.0	1.0	59.0	1.0	0.0	0.0	0.51	0.01	0.52	1.0		0.0	0.0
A/NewSouthWales/2525913630/2025	D.3.1:D86N,I185T	2	A/BritishColumbia/PHL-2467/2025	1	MEAILVVMLYTFTTANADTLCIGYHANNSTDTVDTVLEKNVTVTHSVNLLEDKHNGKLCKLRGVAPLHLGQCNIAGWILGNPECESLSTARSWSYIVETSNSNNGTCYPGDFINYEELREQLSSVSSFERFEIFPKASSWPNHDSDNGVTAACSHAGARSFYKNLIWLVKKGKSYPKINQTYINDKGKEVLVLWGIHHPPTTTDQESLYQNADAYVFVGTSRYSKKFKPEIAARPKVRDQAGRMNYYWTLVEPGDKITFEATGNLVAPRYAFTMEKEAGSGIIISDTPVHDCNATCQTPEGAINTSLPFQNVHPITIGKCPKYVRSTKLRLATGLRNVPSIQSRGLFGAIAGFIEGGWTGMVDGWYGYHHQNDQGSGYAADLKSTQNAVDKITNKVNSVIEKMNTQFTAVGKEFNHLEKRIENLNKKVDDGFLDVWTYNAELLVLLENERTLDYHDSNVKNLYEKVRHQLKNNAKETGNGCFEFYHKCDNTCMESVKNGTYDYPKYSEEAKLNREKIDGVKLDSTRIYQILAIYSTAASSLVLVVSLGAISFWMCSNGSLQCRICI	2025-10-03	3		True	True	14.0	5.0	0.0	6.0	1.0	1.0	1.0	17.0	0.0		0.0	0.51	0.0	0.51	1.0		0.0	0.0
A/Bangkok/P3067/2025	D.3.1:D94N,D168N	2	A/Alagoas/3579/2025	1	MKAILVVMLYTFTTANADTLCIGYHANNSTDTVDTVLEKNVTVTHSVNLLEDKHNGKLCKLRGVAPLHLGQCNIAGWILGNPECESLSTARSWSYIVETSNSDNGTCYPGNFINYEELREQLSSVSSFERFEIFPKASSWPNHDSDNGVTAACSHAGARSFYKNLIWLVKKGKSYPKINQTYINNKGKEVLVLWGIHHPPTITDQESLYQNADAYVFVGTSRYSKKFKPEIAARPKVRDQAGRMNYYWTLVEPGDKITFEATGNLVAPRYAFTMEKEAGSGIIISDTPVHDCNATCQTPEGAINTSLPFQNVHPITIGKCPKYVRSTKLRLATGLRNVPSIQSRGLFGAIAGFIEGGWTGMVDGWYGYHHQNDQGSGYAADLKSTQNAVDKITNKVNSVIEKMNTQFTAVGKEFNHLEKRIENLNKKVDDGFLDVWTYNAELLVLLENERTLDYHDSNVKNLYEKVRHQLKNNAKETGNGCFEFYHKCDNTCMESVKNGTYDYPKYSEEAKLNREKIDGVKLDSTRIYQILAIYSTAASSLVLVVSLGAISFWMCSNGSLQCRICI	2025-09-17	2		True	True	14.0	5.0	0.0	6.0	1.0	1.0	1.0	33.0	0.0		0.0	0.51	0.0	0.51		1.0	0.0	0.0
A/CoteDIvoire/2007/2025	D.3.1:I185T	2	A/Alagoas/3579/2025	1	MKAILVVMLYTFTTANADTLCIGYHANNSTDTVDTVLEKNVTVTHSVNLLEDKHNGKLCKLRGVAPLHLGQCNIAGWILGNPECESLSTARSWSYIVETSNSDNGTCYPGDFINYEELREQLSSVSSFERFEIFPKASSWPNHDSDNGVTAACSHAGARSFYKNLIWLVKKGKSYPKINQTYINDKGKEVLVLWGIHHPPTTTDQESLYQNADAYVFVGTSRYSKKFKPEIAARPKVRDQAGRMNYYWTLVEPGDKITFEATGNLVAPRYAFTMEKEAGSGIIISDTPVHDCNATCQTPEGAINTSLPFQNVHPITIGKCPKYVRSTKLRLATGLRNVPSIQSRGLFGAIAGFIEGGWTGMVDGWYGYHHQNDQGSGYAADLKSTQNAVDKITNKVNSVIEKMNTQFTSVGKEFNHLEKRIENLNKKVDDGFLDVWTYNAELLVLLENERTLDYHDSNVKNLYEKVRHQLKNNAKETGNGCFEFYHKCDNTCMESVKNGTYDYPKYSEEAKLNREKIDGVKLDSTRIYQILAIYSTAASSLVLVVSLGAISFWMCSNGSLQCRICI	2025-09-30	47		True	True	13.0	5.0	0.0	6.0	1.0	4.0	4.0	20.0	0.98	0.02	-0.02	0.5	-0.12	0.38			1.0	0.0
A/Catalonia/NSVH102686666/2025	D.3.1:V152I	3	A/Alagoas/3579/2025	0	MKAILVVILYTFTTANADTLCIGYHANNSTDTVDTVLEKNVTVTHSVNLLEDKHNGKLCKLRGVAPLHLGQCNIAGWILGNPECESLSTARSWSYIVETSNSDNGTCYPGDFINYEELREQLSSVSSFERFEIFPKASSWPNHDSDNGVTAACSHAGARSFYKNLIWLIKKGKSYPKINQTYINDKGKEVLVLWGIHHPPTITDQESLYQNADAYVFVGTSRYSKKFKPEIAARPKVRDQAGRMNYYWTLVEPGDKITFEATGNLVAPRYAFTMEKEAGSGIIISDTPVHDCNATCQTPEGAINTSLPFQNVHPITIGKCPKYVRSTKLRLATGLRNVPSIQSRGLFGAIAGFIEGGWTGMVDGWYGYHHQNDQGSGYAADLKSTQNAVDKITNKVNSVIEKMNTQFTAVGKEFNHLEKRIENLNKKVDDGFLDVWTYNAELLVLLENERTLDYHDSNVKNLYEKVRHQLKNNAKETGNGCFEFYHKCDDTCMESVKNGTYDYPKYSEEAKLNREKIDGVKLDSTRIYQILAIYSTAASSLVLVVSLGAISFWMCSNGSLQCRICI	2025-09-22	4		True	True	13.0	4.0	0.0	6.0	2.0	2.0	2.0	28.0	0.0		0.0	0.5	0.0	0.5	1.0		0.0	0.0
A/Malaysia/IMR-SARI1798/2025	C.1.9.3:N56D,P137S,A141E,I166V	3	A/England/1822256/2025	1	MKAILVVMLYTFTTVNADTLCIGYHANNSTDTVDTVLEKNVTVTHSVNLLEDKHNGKLCKLRGVAPLHLGQCDIAGWILGNPECESLSTARSWSYIVETPNSDNGTCYPGDFINYEELREQLSSVSSFERFEIFPKASSWPNHDSDNGVTAACSHAGEKSFYKNLIWLVKKGKSYPKINQTYVNDQGKEVLVLWGIHHPPTITDQESLYQNADAYVFVGTSRYSKKFKPEIATRPKVRDQAGRMNYYWTLVEPGDKITFEATGNLVAPRYAFTMEKDAGSGIIISDTPVHDCNTTCQTPEGAINTSLPFQNVHPITIGKCPKYVRSTKLRLATGLRNVPSIQSRGLFGAIAGFIEGGWTGMVDGWYGYHHQNEQGSGYAADLKSTQNAIDKITNKVNSVIEKMNTQFTAVGKEFNHLEKRIENLNKKVDDGFLDVWTYNAELLVLLENERTLDYHDSNVKNLYEKVRNQLKNNAKEIGNGCFEFYHKCDNTCMESVKNGTYDYPKYSEEAKLNREKIDGVKLDSTRTYQILAIYSTVASSLVLVVSLGAISFWMCSNGSLQCRICI	2025-10-02	6		True	True	13.0	6.0	0.0	6.0	0.0	2.0	2.0	18.0	1.04	0.0	0.04	0.5	0.33	0.83	1.0		0.0	0.0
A/Chinautla/FLU-331/2025	D.3.1:S69P,A141T,V152I	3	A/SouthAustralia/2519001037/2025	1	MKAILVVMLYTFTTANADTLCIGYHANNSTDTVDTVLEKNVTVTHSVNLLEDKHNGKLCKLRGVAPLHLGQCNIAGWILGNPECEPLSTARSWSYIVETSNSDNGTCYPGDFINYEELREQLSSVSSFERFEIFPKASSWPNHDSDNGVTAACSHAGTRSFYKNLIWLIKKGKSYPKINQTYINDKGKEVLVLWGIHHPPTITDQESLYQNADAYVFVGTSRYSKKFKPEIAARPKVRDQAGRMNYYWTLVEPGDKITFEATGNLVAPRYAFTMEKEAGSGIIISDTPVHDCNATCQTPEGAINTSLPFQNVHPITIGKCPKYVRSTKLRLATGLRNVPSIQSRGLFGAIAGFIEGGWTGMVDGWYGYHHQNDQGSGYAADLKSTQNAVDKITNKVNSVIEKMNTQFTAVGKEFNHLEKRIENLNKKVDDGFLDVWTYNAELLVLLENERTLDYHDSNVKNLYEKVRHQLKNNAKETGNGCFEFYHKCDNTCMESVKNGTYDYPKYSEEAKLNREKIDGVKLDSTRIYQILAIYSTAASSLVLVVSLGAISFWMCSNGSLQCRICI	2025-08-16	3		True	True	15.0	5.0	0.0	6.0	2.0	1.0	1.0	65.0	0.0		0.0	0.54	0.0	0.54		1.0	0.0	0.0
A/England/1822256/2025	C.1.9.3:T82K,P137S,I166V	3	A/Malaysia/IMR-SARI1798/2025	1	MKAILVVMLYTFTTVNADTLCIGYHANNSTDTVDTVLEKNVTVTHSVNLLEDKHNGKLCKLRGVAPLHLGQCNIAGWILGNPECESLSTARSWSYIVEKPNSDNGTCYPGDFINYEELREQLSSVSSFERFEIFPKASSWPNHDSDNGVTAACSHAGAKSFYKNLIWLVKKGKSYPKINQTYVNDQGKEVLVLWGIHHPPTITDQESLYQNADAYVFVGTSRYSKKFKPEIATRPKVRDQAGRMNYYWTLVEPGDKITFEATGNLVAPRYAFTMEKDAGSGIIISDTPVHDCNTTCQTPEGAINTSLPFQNVHPITIGKCPKYVRSTKLRLATGLRNVPSIQSRGLFGAIAGFIEGGWTGMVDGWYGYHHQNEQGSGYAADLKSTQNAIDKITNKVNSVIEKMNTQFTAVGKEFNHLEKRIENLNKKVDDGFLDVWTYNAELLVLLENERTLDYHDSNVKNLYEKVRNQLKNNAKEIGNGCFEFYHKCDNTCMESVKNGTYDYPKYSEEAKLNREKIDGVKLDSTRTYQILAIYSTVASSLVLVVSLGAISFWMCSNGSLQCRICI	2025-09-29	3		True	True	12.0	5.0	0.0	6.0	0.0	2.0	1.0	21.0	0.0		0.0	0.47	0.0	0.47	1.0		0.0	0.0
A/SouthAustralia/2518902563/2025	D.3.1:I267T,P271Q,V321I	4	A/Denmark/3070/2025	1	MKAILVVMLYTSTTANADTLCIGYHANNSTDTVDTVLEKNVTVTHSVNLLEDKHNGKLCKLRGVAPLHLGQCNIAGWILGNPECESLSTARSWSYIVETSNSDNGTCYPGDFINYEELREQLSSVSSFERFEIFPKASSWPNHDSDNGVTAACSHAGARSFYKNLIWLVKKGKSYPKINQTYINDKGKEVLVLWGIHHPPTITDQESLYQNADAYVFVGTSRYSKKFKPEIAARPKVRDQAGRMNYYWTLVEPGDKITFEATGNLVAPRYAFTMEKEAGSGIITSDTQVHDCNATCQTPEGAINTSLPFQNVHPITIGKCPKYVRSTKLRLATGLRNIPSIQSRGLFGAIAGFIEGGWTGMVDGWYGYHHQNDQGSGYAADLKSTQNAVDKITNKVNSVIEKMNTQFTAVGKEFNHLEKRIENLNKKVDDGFLDVWTYNAELLVLLENERTLDYHDSNVKNLYEKVRHQLKNNAKETGNGCFEFYHKCDNTCMESVKNGTYDYPKYSEEAKLNREKIDGVKLDSTRIYQILAIYSTAASSLVLVVSLGAISFWMCSNGSLQCRICI	2025-08-09	8		True	True	15.0	4.0	0.0	6.0	2.0	1.0	1.0	72.0	0.94	0.0	-0.06	0.52	-0.44	0.08			1.0	0.0
A/Ghana/ARI-25-1125/2025	C.1.9:P137S	5	A/England/1822256/2025	1	MKAILVVMLYTFTTANADTLCIGYHANNSTDTVDTVLEKNVTVTHSVNLLEDKHNGKLCKLRGVAPLHLGQCNIAGWILGNPECESLSTARSWSYIVETSNSDNGTCYPGDFINYEELREQLSSVSSFERFEIFPKASSWPNHDSDNGVTAACSHAGAKSFYKNLIWLVKKGKSYPKINQTYINDQGKEVLVLWGIHHPPTITDQESLYQNADAYVFVGTSRYSKKFKPEIATRPKVRDQAGRMNYYWTLVEPGDKITFEATGNLVAPRYAFTMEKDAGSGIIISDTPVHDCNTTCQTPEGAINTSLPFQNVHPITIGKCPKYVRSTKLRLATGLRNVPSIQSRGLFGAIAGFIEGGWTGMVDGWYGYHHQNEQGSGYAADLKSTQNAIDKITNKVNSVIEKMNTQFTAVGKEFNHLEKRIENLNKKVDDGFLDVWTYNAELLVLLENERTLDYHDSNVKNLYEKVRNQLKNNAKEIGNGCFEFYHKCDNTCMESVKNGTYDYPKYSEEAKLNREKIDGVKLDSTRIYQILAIYSTVASSLVLVVSLGAISFWMCSNGSLQCRICI	2025-08-21	7		True	True	9.0	4.0	0.0	6.0	0.0	1.0	1.0	60.0	1.04	0.0	0.04	0.4	0.33	0.73	1.0		0.0	0.0
A/Hawaii/44/2025	D.1:D86N,S157M,R205K	8	A/BritishColumbia/PHL-2467/2025	2	MKAILVVMLYTFTTANADTLCIGYHANNSTDTVDTVLEKNVTVTHSVNLLEDKHNGKLCKLKGVAPLHLGQCNIAGWILGNPECESLSTARSWSYIVETSNSNNGTCYPGDFINYEELREQLSSVSSFERFEIFPKTSSWPNHDSDNGVTAACSHAGARSFYKNLIWLVKKGKMYPKINQTYINDKGKEVLVLWGIHHPPTITDQESLYQNADAYVFVGTSKYSKKFKPEIAARPKVRDQAGRMNYYWTLVEPGDKITFEATGNLVAPRYAFTMEKEAGSGIIISDTPVHDCNATCQTPEGAINTSLPFQNVHPITIGKCPKYVRSTKLRLATGLRNVPSIQSRGIFGAIAGFIEGGWTGMVDGWYGYHHQNDQGSGYAADLKSTQNAIDKITNKVNSVIEKMNTQFTAVGKEFNHLEKRIENLNKKVDDGFLDVWTYNAELLVLLENERTLDYHDSNVKNLYEKVRHQLKNNAKEIGNGCFEFYHKCDNTCMESVKNGTYDYPKYSEEAKLNREKIDGVKLDSTRIYQILAIYSTVASSLVLVVSLGAISFWMCSNGSLQCRICI	2025-08-06	3		True	True	15.0	6.0	0.0	6.0	1.0	1.0	1.0	75.0	0.0		0.0	0.54	0.0	0.54			1.0	0.0
